-- --------------------------------------------------------
-- Host:                         127.0.0.1
-- Server version:               11.6.2-MariaDB - mariadb.org binary distribution
-- Server OS:                    Win64
-- HeidiSQL Version:             12.8.0.6908
-- --------------------------------------------------------

/*!40101 SET @OLD_CHARACTER_SET_CLIENT=@@CHARACTER_SET_CLIENT */;
/*!40101 SET NAMES utf8 */;
/*!50503 SET NAMES utf8mb4 */;
/*!40103 SET @OLD_TIME_ZONE=@@TIME_ZONE */;
/*!40103 SET TIME_ZONE='+00:00' */;
/*!40014 SET @OLD_FOREIGN_KEY_CHECKS=@@FOREIGN_KEY_CHECKS, FOREIGN_KEY_CHECKS=0 */;
/*!40101 SET @OLD_SQL_MODE=@@SQL_MODE, SQL_MODE='NO_AUTO_VALUE_ON_ZERO' */;
/*!40111 SET @OLD_SQL_NOTES=@@SQL_NOTES, SQL_NOTES=0 */;


-- Dumping database structure for laravel-zip-api
DROP DATABASE IF EXISTS `laravel-zip-api`;
CREATE DATABASE IF NOT EXISTS `laravel-zip-api` /*!40100 DEFAULT CHARACTER SET utf8mb4 COLLATE utf8mb4_uca1400_hungarian_as_cs */;
USE `laravel-zip-api`;

-- Dumping structure for table laravel-zip-api.cache
DROP TABLE IF EXISTS `cache`;
CREATE TABLE IF NOT EXISTS `cache` (
  `key` varchar(255) NOT NULL,
  `value` mediumtext NOT NULL,
  `expiration` int(11) NOT NULL,
  PRIMARY KEY (`key`)
) ENGINE=InnoDB DEFAULT CHARSET=utf8mb4 COLLATE=utf8mb4_unicode_ci;

-- Dumping data for table laravel-zip-api.cache: ~0 rows (approximately)

-- Dumping structure for table laravel-zip-api.cache_locks
DROP TABLE IF EXISTS `cache_locks`;
CREATE TABLE IF NOT EXISTS `cache_locks` (
  `key` varchar(255) NOT NULL,
  `owner` varchar(255) NOT NULL,
  `expiration` int(11) NOT NULL,
  PRIMARY KEY (`key`)
) ENGINE=InnoDB DEFAULT CHARSET=utf8mb4 COLLATE=utf8mb4_unicode_ci;

-- Dumping data for table laravel-zip-api.cache_locks: ~0 rows (approximately)

-- Dumping structure for table laravel-zip-api.cities
DROP TABLE IF EXISTS `cities`;
CREATE TABLE IF NOT EXISTS `cities` (
  `id` bigint(20) unsigned NOT NULL AUTO_INCREMENT,
  `name` varchar(25) NOT NULL,
  `county_id` bigint(20) unsigned NOT NULL,
  PRIMARY KEY (`id`),
  KEY `cities_county_id_foreign` (`county_id`),
  CONSTRAINT `cities_county_id_foreign` FOREIGN KEY (`county_id`) REFERENCES `counties` (`id`) ON DELETE CASCADE
) ENGINE=InnoDB AUTO_INCREMENT=3137 DEFAULT CHARSET=utf8mb4 COLLATE=utf8mb4_unicode_ci;

-- Dumping data for table laravel-zip-api.cities: ~3,136 rows (approximately)
INSERT INTO `cities` (`id`, `name`, `county_id`) VALUES
	(1, 'Aba', 1),
	(2, 'Abádszalók', 2),
	(3, 'Abaliget', 3),
	(4, 'Abasár', 4),
	(5, 'Abaújalpár', 5),
	(6, 'Abaújkér', 5),
	(7, 'Abaújlak', 5),
	(8, 'Abaújszántó', 5),
	(9, 'Abaújszolnok', 5),
	(10, 'Abaújvár', 5),
	(11, 'Abda', 6),
	(12, 'Abod', 5),
	(13, 'Abony', 7),
	(14, 'Ábrahámhegy', 8),
	(15, 'Ács', 9),
	(16, 'Acsa', 7),
	(17, 'Acsád', 10),
	(18, 'Acsalag', 6),
	(19, 'Ácsteszér', 9),
	(20, 'Adács', 4),
	(21, 'Ádánd', 11),
	(22, 'Adásztevel', 8),
	(23, 'Adony', 1),
	(24, 'Adorjánháza', 8),
	(25, 'Adorjás', 3),
	(26, 'Ág', 3),
	(27, 'Ágasegyháza', 12),
	(28, 'Ágfalva', 6),
	(29, 'Aggtelek', 5),
	(30, 'Agyagosszergény', 6),
	(31, 'Ajak', 13),
	(32, 'Ajka', 8),
	(33, 'Aka', 9),
	(34, 'Akasztó', 12),
	(35, 'Alacska', 5),
	(36, 'Alap', 1),
	(37, 'Alattyán', 2),
	(38, 'Albertirsa', 7),
	(39, 'Alcsútdoboz', 1),
	(40, 'Aldebrő', 4),
	(41, 'Algyő', 14),
	(42, 'Alibánfa', 15),
	(43, 'Almamellék', 3),
	(44, 'Almásfüzitő', 9),
	(45, 'Almásháza', 15),
	(46, 'Almáskamarás', 16),
	(47, 'Almáskeresztúr', 3),
	(48, 'Álmosd', 17),
	(49, 'Alsóberecki', 5),
	(50, 'Alsóbogát', 11),
	(51, 'Alsódobsza', 5),
	(52, 'Alsógagy', 5),
	(53, 'Alsómocsolád', 3),
	(54, 'Alsónána', 18),
	(55, 'Alsónémedi', 7),
	(56, 'Alsónemesapáti', 15),
	(57, 'Alsónyék', 18),
	(58, 'Alsóörs', 8),
	(59, 'Alsópáhok', 15),
	(60, 'Alsópetény', 19),
	(61, 'Alsórajk', 15),
	(62, 'Alsóregmec', 5),
	(63, 'Alsószenterzsébet', 15),
	(64, 'Alsószentiván', 1),
	(65, 'Alsószentmárton', 3),
	(66, 'Alsószölnök', 10),
	(67, 'Alsószuha', 5),
	(68, 'Alsótelekes', 5),
	(69, 'Alsótold', 19),
	(70, 'Alsóújlak', 10),
	(71, 'Alsóvadász', 5),
	(72, 'Alsózsolca', 5),
	(73, 'Ambrózfalva', 14),
	(74, 'Anarcs', 13),
	(75, 'Andocs', 11),
	(76, 'Andornaktálya', 4),
	(77, 'Andrásfa', 10),
	(78, 'Annavölgy', 9),
	(79, 'Apácatorna', 8),
	(80, 'Apagy', 13),
	(81, 'Apaj', 7),
	(82, 'Aparhant', 18),
	(83, 'Apátfalva', 14),
	(84, 'Apátistvánfalva', 10),
	(85, 'Apátvarasd', 3),
	(86, 'Apc', 4),
	(87, 'Áporka', 7),
	(88, 'Apostag', 12),
	(89, 'Aranyosapáti', 13),
	(90, 'Aranyosgadány', 3),
	(91, 'Arka', 5),
	(92, 'Arló', 5),
	(93, 'Arnót', 5),
	(94, 'Ároktő', 5),
	(95, 'Árpádhalom', 14),
	(96, 'Árpás', 6),
	(97, 'Ártánd', 17),
	(98, 'Ásotthalom', 14),
	(99, 'Ásványráró', 6),
	(100, 'Aszaló', 5),
	(101, 'Aszód', 7),
	(102, 'Aszófő', 8),
	(103, 'Áta', 3),
	(104, 'Átány', 4),
	(105, 'Atkár', 4),
	(106, 'Attala', 18),
	(107, 'Babarc', 3),
	(108, 'Babarcszőlős', 3),
	(109, 'Babócsa', 11),
	(110, 'Bábolna', 9),
	(111, 'Bábonymegyer', 11),
	(112, 'Babosdöbréte', 15),
	(113, 'Babót', 6),
	(114, 'Bácsalmás', 12),
	(115, 'Bácsbokod', 12),
	(116, 'Bácsborsód', 12),
	(117, 'Bácsszentgyörgy', 12),
	(118, 'Bácsszőlős', 12),
	(119, 'Badacsonytomaj', 8),
	(120, 'Badacsonytördemic', 8),
	(121, 'Bag', 7),
	(122, 'Bagamér', 17),
	(123, 'Baglad', 15),
	(124, 'Bagod', 15),
	(125, 'Bágyogszovát', 6),
	(126, 'Baj', 9),
	(127, 'Baja', 12),
	(128, 'Bajánsenye', 10),
	(129, 'Bajna', 9),
	(130, 'Bajót', 9),
	(131, 'Bak', 15),
	(132, 'Bakháza', 11),
	(133, 'Bakóca', 3),
	(134, 'Bakonszeg', 17),
	(135, 'Bakonya', 3),
	(136, 'Bakonybánk', 9),
	(137, 'Bakonybél', 8),
	(138, 'Bakonycsernye', 1),
	(139, 'Bakonygyirót', 8),
	(140, 'Bakonyjákó', 8),
	(141, 'Bakonykoppány', 8),
	(142, 'Bakonykúti', 1),
	(143, 'Bakonynána', 8),
	(144, 'Bakonyoszlop', 8),
	(145, 'Bakonypéterd', 6),
	(146, 'Bakonypölöske', 8),
	(147, 'Bakonyság', 8),
	(148, 'Bakonysárkány', 9),
	(149, 'Bakonyszentiván', 8),
	(150, 'Bakonyszentkirály', 8),
	(151, 'Bakonyszentlászló', 8),
	(152, 'Bakonyszombathely', 9),
	(153, 'Bakonyszücs', 8),
	(154, 'Bakonytamási', 8),
	(155, 'Baks', 14),
	(156, 'Baksa', 3),
	(157, 'Baktakék', 5),
	(158, 'Baktalórántháza', 13),
	(159, 'Baktüttös', 15),
	(160, 'Balajt', 5),
	(161, 'Balassagyarmat', 19),
	(162, 'Balástya', 14),
	(163, 'Balaton', 4),
	(164, 'Balatonakali', 8),
	(165, 'Balatonalmádi', 8),
	(166, 'Balatonberény', 11),
	(167, 'Balatonboglár', 11),
	(168, 'Balatoncsicsó', 8),
	(169, 'Balatonederics', 8),
	(170, 'Balatonendréd', 11),
	(171, 'Balatonfenyves', 11),
	(172, 'Balatonfőkajár', 8),
	(173, 'Balatonföldvár', 11),
	(174, 'Balatonfüred', 8),
	(175, 'Balatonfűzfő', 8),
	(176, 'Balatongyörök', 15),
	(177, 'Balatonhenye', 8),
	(178, 'Balatonkenese', 8),
	(179, 'Balatonkeresztúr', 11),
	(180, 'Balatonlelle', 11),
	(181, 'Balatonmagyaród', 15),
	(182, 'Balatonmáriafürdő', 11),
	(183, 'Balatonőszöd', 11),
	(184, 'Balatonrendes', 8),
	(185, 'Balatonszabadi', 11),
	(186, 'Balatonszárszó', 11),
	(187, 'Balatonszemes', 11),
	(188, 'Balatonszentgyörgy', 11),
	(189, 'Balatonszepezd', 8),
	(190, 'Balatonszőlős', 8),
	(191, 'Balatonudvari', 8),
	(192, 'Balatonújlak', 11),
	(193, 'Balatonvilágos', 8),
	(194, 'Balinka', 1),
	(195, 'Balkány', 13),
	(196, 'Ballószög', 12),
	(197, 'Balmazújváros', 17),
	(198, 'Balogunyom', 10),
	(199, 'Balotaszállás', 12),
	(200, 'Balsa', 13),
	(201, 'Bálványos', 11),
	(202, 'Bana', 9),
	(203, 'Bánd', 8),
	(204, 'Bánfa', 3),
	(205, 'Bánhorváti', 5),
	(206, 'Bánk', 19),
	(207, 'Bánokszentgyörgy', 15),
	(208, 'Bánréve', 5),
	(209, 'Bár', 3),
	(210, 'Barabás', 13),
	(211, 'Baracs', 1),
	(212, 'Baracska', 1),
	(213, 'Báránd', 17),
	(214, 'Baranyahidvég', 3),
	(215, 'Baranyajenő', 3),
	(216, 'Baranyaszentgyörgy', 3),
	(217, 'Barbacs', 6),
	(218, 'Barcs', 11),
	(219, 'Bárdudvarnok', 11),
	(220, 'Barlahida', 15),
	(221, 'Bárna', 19),
	(222, 'Barnag', 8),
	(223, 'Bársonyos', 9),
	(224, 'Basal', 3),
	(225, 'Baskó', 5),
	(226, 'Báta', 18),
	(227, 'Bátaapáti', 18),
	(228, 'Bátaszék', 18),
	(229, 'Baté', 11),
	(230, 'Bátmonostor', 12),
	(231, 'Bátonyterenye', 19),
	(232, 'Bátor', 4),
	(233, 'Bátorliget', 13),
	(234, 'Battonya', 16),
	(235, 'Bátya', 12),
	(236, 'Batyk', 15),
	(237, 'Bázakerettye', 15),
	(238, 'Bazsi', 8),
	(239, 'Béb', 8),
	(240, 'Becsehely', 15),
	(241, 'Becske', 19),
	(242, 'Becskeháza', 5),
	(243, 'Becsvölgye', 15),
	(244, 'Bedegkér', 11),
	(245, 'Bedő', 17),
	(246, 'Bejcgyertyános', 10),
	(247, 'Békás', 8),
	(248, 'Bekecs', 5),
	(249, 'Békés', 16),
	(250, 'Békéscsaba', 16),
	(251, 'Békéssámson', 16),
	(252, 'Békésszentandrás', 16),
	(253, 'Bekölce', 4),
	(254, 'Bélapátfalva', 4),
	(255, 'Bélavár', 11),
	(256, 'Belecska', 18),
	(257, 'Beled', 6),
	(258, 'Beleg', 11),
	(259, 'Belezna', 15),
	(260, 'Bélmegyer', 16),
	(261, 'Beloiannisz', 1),
	(262, 'Belsősárd', 15),
	(263, 'Belvárdgyula', 3),
	(264, 'Benk', 13),
	(265, 'Bénye', 7),
	(266, 'Bér', 19),
	(267, 'Bérbaltavár', 10),
	(268, 'Bercel', 19),
	(269, 'Beregdaróc', 13),
	(270, 'Beregsurány', 13),
	(271, 'Berekböszörmény', 17),
	(272, 'Berekfürdő', 2),
	(273, 'Beremend', 3),
	(274, 'Berente', 5),
	(275, 'Beret', 5),
	(276, 'Berettyóújfalu', 17),
	(277, 'Berhida', 8),
	(278, 'Berkenye', 19),
	(279, 'Berkesd', 3),
	(280, 'Berkesz', 13),
	(281, 'Bernecebaráti', 7),
	(282, 'Berzék', 5),
	(283, 'Berzence', 11),
	(284, 'Besence', 3),
	(285, 'Besenyőd', 13),
	(286, 'Besenyőtelek', 4),
	(287, 'Besenyszög', 2),
	(288, 'Besnyő', 1),
	(289, 'Beszterec', 13),
	(290, 'Bezedek', 3),
	(291, 'Bezenye', 6),
	(292, 'Bezeréd', 15),
	(293, 'Bezi', 6),
	(294, 'Biatorbágy', 7),
	(295, 'Bicsérd', 3),
	(296, 'Bicske', 1),
	(297, 'Bihardancsháza', 17),
	(298, 'Biharkeresztes', 17),
	(299, 'Biharnagybajom', 17),
	(300, 'Bihartorda', 17),
	(301, 'Biharugra', 16),
	(302, 'Bikács', 18),
	(303, 'Bikal', 3),
	(304, 'Biri', 13),
	(305, 'Birján', 3),
	(306, 'Bisse', 3),
	(307, 'Bő', 10),
	(308, 'Boba', 15),
	(309, 'Bocfölde', 4),
	(310, 'Boconád', 12),
	(311, 'Bőcs', 15),
	(312, 'Bócsa', 17),
	(313, 'Bocska', 3),
	(314, 'Bocskaikert', 1),
	(315, 'Boda', 1),
	(316, 'Bodajk', 3),
	(317, 'Böde', 6),
	(318, 'Bödeháza', 4),
	(319, 'Bodmér', 8),
	(320, 'Bodolyabér', 11),
	(321, 'Bodonhely', 5),
	(322, 'Bodony', 5),
	(323, 'Bodorfa', 5),
	(324, 'Bodrog', 5),
	(325, 'Bodroghalom', 5),
	(326, 'Bodrogkeresztúr', 5),
	(327, 'Bodrogkisfalud', 5),
	(328, 'Bodrogolaszi', 5),
	(329, 'Bódvalenke', 3),
	(330, 'Bódvarákó', 3),
	(331, 'Bódvaszilas', 3),
	(332, 'Bogács', 18),
	(333, 'Bogád', 6),
	(334, 'Bogádmindszent', 17),
	(335, 'Bogdása', 15),
	(336, 'Bögöt', 9),
	(337, 'Bögöte', 19),
	(338, 'Bogyiszló', 4),
	(339, 'Bogyoszló', 3),
	(340, 'Böhönye', 5),
	(341, 'Bojt', 5),
	(342, 'Bókaháza', 5),
	(343, 'Bokod', 11),
	(344, 'Bököny', 11),
	(345, 'Bokor', 3),
	(346, 'Bölcske', 15),
	(347, 'Boldog', 11),
	(348, 'Boldogasszonyfa', 18),
	(349, 'Boldogkőújfalu', 18),
	(350, 'Boldogkőváralja', 18),
	(351, 'Boldva', 14),
	(352, 'Bolhás', 10),
	(353, 'Bolhó', 3),
	(354, 'Bóly', 12),
	(355, 'Boncodfölde', 15),
	(356, 'Bonnya', 5),
	(357, 'Bőny', 5),
	(358, 'Bonyhád', 5),
	(359, 'Bonyhádvarasd', 5),
	(360, 'Börcs', 5),
	(361, 'Bordány', 5),
	(362, 'Borgáta', 19),
	(363, 'Borjád', 8),
	(364, 'Borota', 8),
	(365, 'Borsfa', 3),
	(366, 'Borsodbóta', 13),
	(367, 'Borsodgeszt', 3),
	(368, 'Borsodivánka', 10),
	(369, 'Borsodnádasd', 5),
	(370, 'Borsodszentgyörgy', 10),
	(371, 'Borsodszirák', 5),
	(372, 'Borsosberény', 15),
	(373, 'Borszörcsök', 15),
	(374, 'Borzavár', 10),
	(375, 'Börzönce', 10),
	(376, 'Bősárkány', 11),
	(377, 'Bosta', 13),
	(378, 'Bőszénfa', 18),
	(379, 'Botpalád', 6),
	(380, 'Botykapeterd', 6),
	(381, 'Bozsok', 15),
	(382, 'Bózsva', 6),
	(383, 'Bozzai', 11),
	(384, 'Bucsa', 16),
	(385, 'Bucsu', 10),
	(386, 'Bucsuszentlászló', 15),
	(387, 'Bucsuta', 15),
	(388, 'Budajenő', 7),
	(389, 'Budakalász', 7),
	(390, 'Budakeszi', 7),
	(391, 'Budaörs', 7),
	(392, 'Budapest', 7),
	(393, 'Bugac', 12),
	(394, 'Bugacpusztaháza', 12),
	(395, 'Bugyi', 7),
	(396, 'Buj', 13),
	(397, 'Buják', 19),
	(398, 'Bük', 10),
	(399, 'Bükkábrány', 10),
	(400, 'Bükkaranyos', 5),
	(401, 'Bükkmogyorósd', 5),
	(402, 'Bükkösd', 5),
	(403, 'Bükkszék', 3),
	(404, 'Bükkszenterzsébet', 4),
	(405, 'Bükkszentkereszt', 4),
	(406, 'Bükkszentmárton', 5),
	(407, 'Bükkzsérc', 4),
	(408, 'Bürüs', 5),
	(409, 'Büssü', 3),
	(410, 'Büttös', 11),
	(411, 'Buzsák', 5),
	(412, 'Cák', 10),
	(413, 'Cakóháza', 6),
	(414, 'Cece', 1),
	(415, 'Cégénydányád', 13),
	(416, 'Cegléd', 7),
	(417, 'Ceglédbercel', 7),
	(418, 'Celldömölk', 10),
	(419, 'Cered', 19),
	(420, 'Chernelházadamonya', 10),
	(421, 'Cibakháza', 2),
	(422, 'Cigánd', 5),
	(423, 'Cikó', 18),
	(424, 'Cirák', 6),
	(425, 'Csabacsűd', 16),
	(426, 'Csabaszabadi', 16),
	(427, 'Csabdi', 1),
	(428, 'Csabrendek', 8),
	(429, 'Csáfordjánosfa', 6),
	(430, 'Csaholc', 13),
	(431, 'Csajág', 8),
	(432, 'Csákány', 11),
	(433, 'Csákánydoroszló', 10),
	(434, 'Csákberény', 1),
	(435, 'Csákvár', 1),
	(436, 'Csanádalberti', 14),
	(437, 'Csanádapáca', 16),
	(438, 'Csanádpalota', 14),
	(439, 'Csánig', 10),
	(440, 'Csány', 4),
	(441, 'Csányoszró', 3),
	(442, 'Csanytelek', 14),
	(443, 'Csapi', 15),
	(444, 'Csapod', 6),
	(445, 'Csárdaszállás', 16),
	(446, 'Csarnóta', 3),
	(447, 'Csaroda', 13),
	(448, 'Császár', 9),
	(449, 'Császártöltés', 12),
	(450, 'Császló', 13),
	(451, 'Csátalja', 12),
	(452, 'Csatár', 15),
	(453, 'Csataszög', 2),
	(454, 'Csatka', 9),
	(455, 'Csávoly', 12),
	(456, 'Csebény', 3),
	(457, 'Csécse', 19),
	(458, 'Csegöld', 13),
	(459, 'Csehbánya', 8),
	(460, 'Csehi', 10),
	(461, 'Csehimindszent', 10),
	(462, 'Csém', 9),
	(463, 'Csemő', 7),
	(464, 'Csempeszkopács', 10),
	(465, 'Csengele', 14),
	(466, 'Csenger', 13),
	(467, 'Csengersima', 13),
	(468, 'Csengerújfalu', 13),
	(469, 'Csengőd', 12),
	(470, 'Csénye', 10),
	(471, 'Csenyéte', 5),
	(472, 'Csép', 9),
	(473, 'Csépa', 2),
	(474, 'Csepreg', 10),
	(475, 'Csér', 6),
	(476, 'Cserdi', 3),
	(477, 'Cserénfa', 11),
	(478, 'Cserépfalu', 5),
	(479, 'Cserépváralja', 5),
	(480, 'Cserháthaláp', 19),
	(481, 'Cserhátsurány', 19),
	(482, 'Cserhátszentiván', 19),
	(483, 'Cserkeszőlő', 2),
	(484, 'Cserkút', 3),
	(485, 'Csernely', 5),
	(486, 'Cserszegtomaj', 15),
	(487, 'Csertalakos', 15),
	(488, 'Csertő', 3),
	(489, 'Csesznek', 8),
	(490, 'Csesztreg', 15),
	(491, 'Csesztve', 19),
	(492, 'Csetény', 8),
	(493, 'Csévharaszt', 7),
	(494, 'Csibrák', 18),
	(495, 'Csikéria', 12),
	(496, 'Csikóstőttős', 18),
	(497, 'Csikvánd', 6),
	(498, 'Csincse', 5),
	(499, 'Csipkerek', 10),
	(500, 'Csitár', 19),
	(501, 'Csobád', 5),
	(502, 'Csobaj', 5),
	(503, 'Csobánka', 7),
	(504, 'Csöde', 1),
	(505, 'Csögle', 11),
	(506, 'Csókakő', 5),
	(507, 'Csökmő', 9),
	(508, 'Csököly', 12),
	(509, 'Csokonyavisonta', 11),
	(510, 'Csokvaomány', 7),
	(511, 'Csolnok', 11),
	(512, 'Csólyospálos', 14),
	(513, 'Csoma', 14),
	(514, 'Csomád', 15),
	(515, 'Csombárd', 3),
	(516, 'Csömend', 8),
	(517, 'Csömödér', 1),
	(518, 'Csömör', 6),
	(519, 'Csönge', 16),
	(520, 'Csongrád', 15),
	(521, 'Csonkahegyhát', 8),
	(522, 'Csonkamindszent', 17),
	(523, 'Csopak', 11),
	(524, 'Csór', 11),
	(525, 'Csorna', 15),
	(526, 'Csörnyeföld', 7),
	(527, 'Csörötnek', 10),
	(528, 'Csorvás', 15),
	(529, 'Csősz', 10),
	(530, 'Csót', 1),
	(531, 'Csővár', 7),
	(532, 'Csurgó', 11),
	(533, 'Csurgónagymarton', 11),
	(534, 'Cún', 3),
	(535, 'Dabas', 7),
	(536, 'Dabronc', 8),
	(537, 'Dabrony', 8),
	(538, 'Dad', 9),
	(539, 'Dág', 9),
	(540, 'Dáka', 8),
	(541, 'Dalmand', 18),
	(542, 'Damak', 5),
	(543, 'Dámóc', 5),
	(544, 'Dánszentmiklós', 7),
	(545, 'Dány', 7),
	(546, 'Daraboshegy', 10),
	(547, 'Darány', 11),
	(548, 'Darnó', 13),
	(549, 'Darnózseli', 6),
	(550, 'Darvas', 17),
	(551, 'Dávod', 12),
	(552, 'Debercsény', 19),
	(553, 'Debrecen', 17),
	(554, 'Debréte', 5),
	(555, 'Decs', 18),
	(556, 'Dédestapolcsány', 5),
	(557, 'Dég', 1),
	(558, 'Dejtár', 19),
	(559, 'Délegyháza', 7),
	(560, 'Demecser', 13),
	(561, 'Demjén', 4),
	(562, 'Dencsháza', 3),
	(563, 'Dénesfa', 6),
	(564, 'Derecske', 17),
	(565, 'Derekegyház', 14),
	(566, 'Deszk', 14),
	(567, 'Detek', 5),
	(568, 'Detk', 4),
	(569, 'Dévaványa', 16),
	(570, 'Devecser', 8),
	(571, 'Dinnyeberki', 3),
	(572, 'Diósberény', 18),
	(573, 'Diósd', 7),
	(574, 'Diósjenő', 19),
	(575, 'Dióskál', 15),
	(576, 'Diósviszló', 3),
	(577, 'Doba', 8),
	(578, 'Döbörhegy', 16),
	(579, 'Doboz', 15),
	(580, 'Dobri', 15),
	(581, 'Döbröce', 14),
	(582, 'Döbrököz', 5),
	(583, 'Dobronhegy', 14),
	(584, 'Döbrönte', 16),
	(585, 'Dóc', 16),
	(586, 'Döge', 18),
	(587, 'Domaháza', 13),
	(588, 'Domaszék', 7),
	(589, 'Dombegyház', 4),
	(590, 'Dombiratos', 4),
	(591, 'Dombóvár', 9),
	(592, 'Dombrád', 19),
	(593, 'Domony', 10),
	(594, 'Dömös', 10),
	(595, 'Domoszló', 15),
	(596, 'Dömsöd', 18),
	(597, 'Dör', 8),
	(598, 'Dörgicse', 13),
	(599, 'Dormánd', 9),
	(600, 'Dorog', 7),
	(601, 'Dorogháza', 6),
	(602, 'Döröske', 8),
	(603, 'Dötk', 10),
	(604, 'Dövény', 15),
	(605, 'Dozmat', 5),
	(606, 'Drágszél', 12),
	(607, 'Drávacsehi', 3),
	(608, 'Drávacsepely', 3),
	(609, 'Drávafok', 3),
	(610, 'Drávagárdony', 11),
	(611, 'Drávaiványi', 3),
	(612, 'Drávakeresztúr', 3),
	(613, 'Drávapalkonya', 3),
	(614, 'Drávapiski', 3),
	(615, 'Drávaszabolcs', 3),
	(616, 'Drávaszerdahely', 3),
	(617, 'Drávasztára', 3),
	(618, 'Drávatamási', 11),
	(619, 'Drégelypalánk', 19),
	(620, 'Dubicsány', 5),
	(621, 'Dudar', 8),
	(622, 'Duka', 10),
	(623, 'Dunaalmás', 9),
	(624, 'Dunabogdány', 7),
	(625, 'Dunaegyháza', 12),
	(626, 'Dunafalva', 12),
	(627, 'Dunaföldvár', 18),
	(628, 'Dunaharaszti', 7),
	(629, 'Dunakeszi', 7),
	(630, 'Dunakiliti', 6),
	(631, 'Dunapataj', 12),
	(632, 'Dunaremete', 6),
	(633, 'Dunaszeg', 6),
	(634, 'Dunaszekcső', 3),
	(635, 'Dunaszentbenedek', 12),
	(636, 'Dunaszentgyörgy', 18),
	(637, 'Dunaszentmiklós', 9),
	(638, 'Dunaszentpál', 6),
	(639, 'Dunasziget', 6),
	(640, 'Dunatetétlen', 12),
	(641, 'Dunaújváros', 1),
	(642, 'Dunavarsány', 7),
	(643, 'Dunavecse', 12),
	(644, 'Dusnok', 12),
	(645, 'Dúzs', 18),
	(646, 'Ebergőc', 6),
	(647, 'Ebes', 17),
	(648, 'Écs', 6),
	(649, 'Ecséd', 4),
	(650, 'Ecseg', 19),
	(651, 'Ecsegfalva', 16),
	(652, 'Ecseny', 11),
	(653, 'Ecser', 7),
	(654, 'Edde', 11),
	(655, 'Edelény', 5),
	(656, 'Edve', 6),
	(657, 'Eger', 4),
	(658, 'Egerág', 3),
	(659, 'Egeralja', 8),
	(660, 'Egeraracsa', 15),
	(661, 'Egerbakta', 4),
	(662, 'Egerbocs', 4),
	(663, 'Egercsehi', 4),
	(664, 'Egerfarmos', 4),
	(665, 'Egerlövő', 5),
	(666, 'Egerszalók', 4),
	(667, 'Égerszög', 4),
	(668, 'Egerszólát', 5),
	(669, 'Egervár', 15),
	(670, 'Egervölgy', 10),
	(671, 'Egyed', 6),
	(672, 'Egyek', 17),
	(673, 'Egyházasdengeleg', 19),
	(674, 'Egyházasfalu', 6),
	(675, 'Egyházasgerge', 19),
	(676, 'Egyházasharaszti', 3),
	(677, 'Egyházashetye', 10),
	(678, 'Egyházashollós', 10),
	(679, 'Egyházaskesző', 8),
	(680, 'Egyházaskozár', 3),
	(681, 'Egyházasrádóc', 10),
	(682, 'Elek', 16),
	(683, 'Ellend', 3),
	(684, 'Előszállás', 1),
	(685, 'Emőd', 5),
	(686, 'Encs', 5),
	(687, 'Encsencs', 13),
	(688, 'Endrefalva', 19),
	(689, 'Endrőc', 3),
	(690, 'Enese', 6),
	(691, 'Enying', 1),
	(692, 'Eperjes', 14),
	(693, 'Eperjeske', 13),
	(694, 'Eplény', 8),
	(695, 'Epöl', 9),
	(696, 'Ercsi', 1),
	(697, 'Érd', 7),
	(698, 'Erdőbénye', 5),
	(699, 'Erdőhorváti', 5),
	(700, 'Erdőkertes', 7),
	(701, 'Erdőkövesd', 4),
	(702, 'Erdőkürt', 19),
	(703, 'Erdősmárok', 3),
	(704, 'Erdősmecske', 3),
	(705, 'Erdőtarcsa', 19),
	(706, 'Erdőtelek', 4),
	(707, 'Erk', 4),
	(708, 'Érpatak', 13),
	(709, 'Érsekcsanád', 12),
	(710, 'Érsekhalma', 12),
	(711, 'Érsekvadkert', 19),
	(712, 'Értény', 18),
	(713, 'Erzsébet', 3),
	(714, 'Esztár', 17),
	(715, 'Eszteregnye', 15),
	(716, 'Esztergályhorváti', 15),
	(717, 'Esztergom', 9),
	(718, 'Ete', 9),
	(719, 'Etes', 19),
	(720, 'Etyek', 1),
	(721, 'Fábiánháza', 13),
	(722, 'Fábiánsebestyén', 14),
	(723, 'Fácánkert', 18),
	(724, 'Fadd', 18),
	(725, 'Fáj', 5),
	(726, 'Fajsz', 12),
	(727, 'Fancsal', 5),
	(728, 'Farád', 6),
	(729, 'Farkasgyepű', 8),
	(730, 'Farkaslyuk', 5),
	(731, 'Farmos', 7),
	(732, 'Fazekasboda', 3),
	(733, 'Fedémes', 4),
	(734, 'Fegyvernek', 2),
	(735, 'Fehérgyarmat', 13),
	(736, 'Fehértó', 6),
	(737, 'Fehérvárcsurgó', 1),
	(738, 'Feked', 3),
	(739, 'Feketeerdő', 6),
	(740, 'Felcsút', 1),
	(741, 'Feldebrő', 4),
	(742, 'Felgyő', 14),
	(743, 'Felpéc', 6),
	(744, 'Felsőberecki', 5),
	(745, 'Felsőcsatár', 10),
	(746, 'Felsődobsza', 5),
	(747, 'Felsőegerszeg', 3),
	(748, 'Felsőgagy', 5),
	(749, 'Felsőjánosfa', 10),
	(750, 'Felsőkelecsény', 5),
	(751, 'Felsőlajos', 12),
	(752, 'Felsőmarác', 10),
	(753, 'Felsőmocsolád', 11),
	(754, 'Felsőnána', 18),
	(755, 'Felsőnyárád', 5),
	(756, 'Felsőnyék', 18),
	(757, 'Felsőörs', 8),
	(758, 'Felsőpáhok', 15),
	(759, 'Felsőpakony', 7),
	(760, 'Felsőpetény', 19),
	(761, 'Felsőrajk', 15),
	(762, 'Felsőregmec', 5),
	(763, 'Felsőszenterzsébet', 15),
	(764, 'Felsőszentiván', 12),
	(765, 'Felsőszentmárton', 3),
	(766, 'Felsőszölnök', 10),
	(767, 'Felsőtárkány', 4),
	(768, 'Felsőtelekes', 5),
	(769, 'Felsőtold', 19),
	(770, 'Felsővadász', 5),
	(771, 'Felsőzsolca', 5),
	(772, 'Fényeslitke', 13),
	(773, 'Fenyőfő', 8),
	(774, 'Ferencszállás', 14),
	(775, 'Fertőboz', 6),
	(776, 'Fertőd', 6),
	(777, 'Fertőendréd', 6),
	(778, 'Fertőhomok', 6),
	(779, 'Fertőrákos', 6),
	(780, 'Fertőszentmiklós', 6),
	(781, 'Fertőszéplak', 6),
	(782, 'Fiad', 11),
	(783, 'Filkeháza', 5),
	(784, 'Fityeház', 15),
	(785, 'Foktő', 12),
	(786, 'Földeák', 17),
	(787, 'Földes', 11),
	(788, 'Folyás', 5),
	(789, 'Fonó', 11),
	(790, 'Fony', 11),
	(791, 'Főnyed', 14),
	(792, 'Fonyód', 7),
	(793, 'Forráskút', 14),
	(794, 'Forró', 17),
	(795, 'Fót', 11),
	(796, 'Füle', 5),
	(797, 'Fülesd', 17),
	(798, 'Fulókércs', 1),
	(799, 'Fülöp', 13),
	(800, 'Fülöpháza', 17),
	(801, 'Fülöpjakab', 12),
	(802, 'Fülöpszállás', 12),
	(803, 'Fülpösdaróc', 12),
	(804, 'Fürged', 13),
	(805, 'Furta', 18),
	(806, 'Füzér', 5),
	(807, 'Füzérkajata', 5),
	(808, 'Füzérkomlós', 5),
	(809, 'Füzérradvány', 5),
	(810, 'Füzesabony', 4),
	(811, 'Füzesgyarmat', 16),
	(812, 'Füzvölgy', 15),
	(813, 'Gáborján', 17),
	(814, 'Gáborjánháza', 15),
	(815, 'Gacsály', 13),
	(816, 'Gadács', 11),
	(817, 'Gadány', 11),
	(818, 'Gadna', 5),
	(819, 'Gádoros', 16),
	(820, 'Gagyapáti', 5),
	(821, 'Gagybátor', 5),
	(822, 'Gagyvendégi', 5),
	(823, 'Galambok', 15),
	(824, 'Galgaguta', 19),
	(825, 'Galgagyörk', 7),
	(826, 'Galgahévíz', 7),
	(827, 'Galgamácsa', 7),
	(828, 'Gálosfa', 11),
	(829, 'Galvács', 5),
	(830, 'Gamás', 11),
	(831, 'Ganna', 8),
	(832, 'Gánt', 1),
	(833, 'Gara', 12),
	(834, 'Garáb', 19),
	(835, 'Garabonc', 15),
	(836, 'Garadna', 5),
	(837, 'Garbolc', 13),
	(838, 'Gárdony', 1),
	(839, 'Garé', 3),
	(840, 'Gasztony', 10),
	(841, 'Gátér', 12),
	(842, 'Gávavencsellő', 13),
	(843, 'Géberjén', 13),
	(844, 'Gecse', 8),
	(845, 'Géderlak', 12),
	(846, 'Gégény', 13),
	(847, 'Gelej', 5),
	(848, 'Gelénes', 13),
	(849, 'Gellénháza', 15),
	(850, 'Gelse', 15),
	(851, 'Gelsesziget', 15),
	(852, 'Gemzse', 13),
	(853, 'Gencsapáti', 10),
	(854, 'Gérce', 10),
	(855, 'Gerde', 3),
	(856, 'Gerendás', 16),
	(857, 'Gerényes', 3),
	(858, 'Geresdlak', 3),
	(859, 'Gerjen', 18),
	(860, 'Gersekarát', 10),
	(861, 'Geszt', 16),
	(862, 'Gesztely', 5),
	(863, 'Geszteréd', 13),
	(864, 'Gétye', 15),
	(865, 'Gic', 8),
	(866, 'Gige', 11),
	(867, 'Gilvánfa', 3),
	(868, 'Girincs', 5),
	(869, 'Göd', 5),
	(870, 'Gödöllő', 7),
	(871, 'Gödre', 10),
	(872, 'Gógánfa', 3),
	(873, 'Gölle', 15),
	(874, 'Golop', 7),
	(875, 'Gomba', 7),
	(876, 'Gombosszeg', 7),
	(877, 'Gömörszőlős', 3),
	(878, 'Gönc', 3),
	(879, 'Göncruszka', 11),
	(880, 'Gönyű', 5),
	(881, 'Gór', 5),
	(882, 'Görbeháza', 5),
	(883, 'Görcsöny', 6),
	(884, 'Görcsönydoboka', 17),
	(885, 'Gordisa', 3),
	(886, 'Görgeteg', 3),
	(887, 'Gősfa', 11),
	(888, 'Gosztola', 15),
	(889, 'Grábóc', 18),
	(890, 'Gulács', 13),
	(891, 'Gutorfölde', 15),
	(892, 'Gyál', 7),
	(893, 'Gyalóka', 6),
	(894, 'Gyanógeregye', 10),
	(895, 'Gyarmat', 6),
	(896, 'Gyékényes', 11),
	(897, 'Gyenesdiás', 15),
	(898, 'Gyepükaján', 8),
	(899, 'Gyermely', 9),
	(900, 'Gyód', 3),
	(901, 'Gyomaendrőd', 16),
	(902, 'Gyömöre', 6),
	(903, 'Gyömrő', 6),
	(904, 'Gyöngyfa', 7),
	(905, 'Gyöngyös', 4),
	(906, 'Gyöngyösfalu', 4),
	(907, 'Gyöngyöshalász', 10),
	(908, 'Gyöngyösmellék', 4),
	(909, 'Gyöngyösoroszi', 3),
	(910, 'Gyöngyöspata', 4),
	(911, 'Gyöngyössolymos', 4),
	(912, 'Gyöngyöstarján', 4),
	(913, 'Gyönk', 4),
	(914, 'Győr', 6),
	(915, 'Győrasszonyfa', 6),
	(916, 'Györe', 6),
	(917, 'Györgytarló', 18),
	(918, 'Györköny', 5),
	(919, 'Győrladamér', 18),
	(920, 'Gyóró', 6),
	(921, 'Győröcske', 13),
	(922, 'Győrság', 6),
	(923, 'Győrsövényház', 6),
	(924, 'Győrszemere', 6),
	(925, 'Győrtelek', 13),
	(926, 'Győrújbarát', 6),
	(927, 'Győrújfalu', 6),
	(928, 'Győrvár', 10),
	(929, 'Győrzámoly', 6),
	(930, 'Gyugy', 11),
	(931, 'Gyügye', 16),
	(932, 'Gyula', 13),
	(933, 'Gyulaháza', 18),
	(934, 'Gyulaj', 8),
	(935, 'Gyulakeszi', 1),
	(936, 'Gyüre', 13),
	(937, 'Gyúró', 13),
	(938, 'Gyűrűs', 15),
	(939, 'Hács', 11),
	(940, 'Hagyárosbörönd', 15),
	(941, 'Hahót', 15),
	(942, 'Hajdúbagos', 17),
	(943, 'Hajdúböszörmény', 17),
	(944, 'Hajdúdorog', 17),
	(945, 'Hajdúhadház', 17),
	(946, 'Hajdúnánás', 17),
	(947, 'Hajdúsámson', 17),
	(948, 'Hajdúszoboszló', 17),
	(949, 'Hajdúszovát', 17),
	(950, 'Hajmás', 11),
	(951, 'Hajmáskér', 8),
	(952, 'Hajós', 12),
	(953, 'Halastó', 10),
	(954, 'Halászi', 6),
	(955, 'Halásztelek', 7),
	(956, 'Halimba', 8),
	(957, 'Halmaj', 5),
	(958, 'Halmajugra', 4),
	(959, 'Halogy', 10),
	(960, 'Hangács', 5),
	(961, 'Hangony', 5),
	(962, 'Hantos', 1),
	(963, 'Harasztifalu', 10),
	(964, 'Harc', 18),
	(965, 'Harka', 6),
	(966, 'Harkakötöny', 12),
	(967, 'Harkány', 3),
	(968, 'Háromfa', 11),
	(969, 'Háromhuta', 5),
	(970, 'Harsány', 5),
	(971, 'Hárskút', 8),
	(972, 'Harta', 12),
	(973, 'Hásságy', 3),
	(974, 'Hatvan', 4),
	(975, 'Hédervár', 6),
	(976, 'Hedrehely', 11),
	(977, 'Hegyesd', 8),
	(978, 'Hegyeshalom', 6),
	(979, 'Hegyfalu', 10),
	(980, 'Hegyháthodász', 10),
	(981, 'Hegyhátmaróc', 3),
	(982, 'Hegyhátsál', 10),
	(983, 'Hegyhátszentjakab', 10),
	(984, 'Hegyhátszentmárton', 10),
	(985, 'Hegyhátszentpéter', 10),
	(986, 'Hegykő', 6),
	(987, 'Hegymagas', 8),
	(988, 'Hegymeg', 5),
	(989, 'Hegyszentmárton', 3),
	(990, 'Héhalom', 19),
	(991, 'Hejce', 5),
	(992, 'Hejőbába', 5),
	(993, 'Hejőkeresztúr', 5),
	(994, 'Hejőkürt', 5),
	(995, 'Hejőpapi', 5),
	(996, 'Hejőszalonta', 5),
	(997, 'Helesfa', 3),
	(998, 'Helvécia', 12),
	(999, 'Hencida', 17),
	(1000, 'Hencse', 11),
	(1001, 'Herceghalom', 7),
	(1002, 'Hercegkút', 5),
	(1003, 'Hercegszántó', 12),
	(1004, 'Heréd', 4),
	(1005, 'Héreg', 9),
	(1006, 'Herencsény', 19),
	(1007, 'Herend', 8),
	(1008, 'Heresznye', 11),
	(1009, 'Hermánszeg', 13),
	(1010, 'Hernád', 7),
	(1011, 'Hernádbűd', 5),
	(1012, 'Hernádcéce', 5),
	(1013, 'Hernádkak', 5),
	(1014, 'Hernádkércs', 5),
	(1015, 'Hernádnémeti', 5),
	(1016, 'Hernádpetri', 5),
	(1017, 'Hernádszentandrás', 5),
	(1018, 'Hernádszurdok', 5),
	(1019, 'Hernádvécse', 5),
	(1020, 'Hernyék', 15),
	(1021, 'Hét', 5),
	(1022, 'Hetefejércse', 13),
	(1023, 'Hetes', 11),
	(1024, 'Hetvehely', 3),
	(1025, 'Hetyefő', 8),
	(1026, 'Heves', 4),
	(1027, 'Hevesaranyos', 4),
	(1028, 'Hevesvezekény', 4),
	(1029, 'Hévíz', 15),
	(1030, 'Hévízgyörk', 7),
	(1031, 'Hidas', 3),
	(1032, 'Hidasnémeti', 5),
	(1033, 'Hidegkút', 8),
	(1034, 'Hidegség', 6),
	(1035, 'Hidvégardó', 5),
	(1036, 'Himesháza', 3),
	(1037, 'Himod', 6),
	(1038, 'Hirics', 3),
	(1039, 'Hobol', 3),
	(1040, 'Hodász', 13),
	(1041, 'Hódmezővásárhely', 14),
	(1042, 'Hőgyész', 11),
	(1043, 'Hollád', 5),
	(1044, 'Hollóháza', 19),
	(1045, 'Hollókő', 8),
	(1046, 'Homokbödöge', 15),
	(1047, 'Homokkomárom', 12),
	(1048, 'Homokmégy', 11),
	(1049, 'Homokszentgyörgy', 3),
	(1050, 'Homorúd', 5),
	(1051, 'Homrogd', 19),
	(1052, 'Hont', 19),
	(1053, 'Horpács', 4),
	(1054, 'Hort', 17),
	(1055, 'Hortobágy', 3),
	(1056, 'Horváthertelend', 10),
	(1057, 'Horvátlövő', 10),
	(1058, 'Horvátzsidány', 3),
	(1059, 'Hosszúhetény', 17),
	(1060, 'Hosszúpályi', 10),
	(1061, 'Hosszúpereszteg', 11),
	(1062, 'Hosszúvíz', 15),
	(1063, 'Hosszúvölgy', 8),
	(1064, 'Hosztót', 15),
	(1065, 'Hottó', 18),
	(1066, 'Hövej', 6),
	(1067, 'Hugyag', 19),
	(1068, 'Hunya', 16),
	(1069, 'Hunyadfalva', 2),
	(1070, 'Husztót', 3),
	(1071, 'Ibafa', 3),
	(1072, 'Iborfia', 15),
	(1073, 'Ibrány', 13),
	(1074, 'Igal', 11),
	(1075, 'Igar', 1),
	(1076, 'Igrici', 5),
	(1077, 'Iharos', 11),
	(1078, 'Iharosberény', 11),
	(1079, 'Ikervár', 10),
	(1080, 'Iklad', 7),
	(1081, 'Iklanberény', 10),
	(1082, 'Iklódbördőce', 15),
	(1083, 'Ikrény', 6),
	(1084, 'Iliny', 19),
	(1085, 'Ilk', 13),
	(1086, 'Illocska', 3),
	(1087, 'Imola', 5),
	(1088, 'Imrehegy', 12),
	(1089, 'Ináncs', 5),
	(1090, 'Inárcs', 7),
	(1091, 'Inke', 11),
	(1092, 'Ipacsfa', 3),
	(1093, 'Ipolydamásd', 7),
	(1094, 'Ipolytarnóc', 19),
	(1095, 'Ipolytölgyes', 7),
	(1096, 'Ipolyvece', 19),
	(1097, 'Iregszemcse', 18),
	(1098, 'Irota', 5),
	(1099, 'Isaszeg', 7),
	(1100, 'Ispánk', 10),
	(1101, 'Istenmezeje', 4),
	(1102, 'Istvándi', 11),
	(1103, 'Iszkaszentgyörgy', 1),
	(1104, 'Iszkáz', 8),
	(1105, 'Isztimér', 1),
	(1106, 'Ivád', 4),
	(1107, 'Iván', 6),
	(1108, 'Ivánbattyán', 3),
	(1109, 'Ivánc', 10),
	(1110, 'Iváncsa', 1),
	(1111, 'Ivándárda', 3),
	(1112, 'Izmény', 18),
	(1113, 'Izsák', 12),
	(1114, 'Izsófalva', 5),
	(1115, 'Jágónak', 18),
	(1116, 'Ják', 10),
	(1117, 'Jakabszállás', 12),
	(1118, 'Jákfa', 10),
	(1119, 'Jákfalva', 5),
	(1120, 'Jákó', 11),
	(1121, 'Jánd', 13),
	(1122, 'Jánkmajtis', 13),
	(1123, 'Jánoshalma', 12),
	(1124, 'Jánosháza', 10),
	(1125, 'Jánoshida', 2),
	(1126, 'Jánossomorja', 6),
	(1127, 'Járdánháza', 5),
	(1128, 'Jármi', 13),
	(1129, 'Jásd', 8),
	(1130, 'Jászágó', 2),
	(1131, 'Jászalsószentgyörgy', 2),
	(1132, 'Jászapáti', 2),
	(1133, 'Jászárokszállás', 2),
	(1134, 'Jászberény', 2),
	(1135, 'Jászboldogháza', 2),
	(1136, 'Jászdózsa', 2),
	(1137, 'Jászfelsőszentgyörgy', 2),
	(1138, 'Jászfényszaru', 2),
	(1139, 'Jászivány', 2),
	(1140, 'Jászjákóhalma', 2),
	(1141, 'Jászkarajenő', 7),
	(1142, 'Jászkisér', 2),
	(1143, 'Jászladány', 2),
	(1144, 'Jászszentandrás', 2),
	(1145, 'Jászszentlászló', 12),
	(1146, 'Jásztelek', 2),
	(1147, 'Jéke', 13),
	(1148, 'Jenő', 1),
	(1149, 'Jobaháza', 6),
	(1150, 'Jobbágyi', 19),
	(1151, 'Jósvafő', 5),
	(1152, 'Juta', 11),
	(1153, 'Kaba', 17),
	(1154, 'Kacorlak', 15),
	(1155, 'Kács', 5),
	(1156, 'Kacsóta', 3),
	(1157, 'Kadarkút', 11),
	(1158, 'Kajárpéc', 6),
	(1159, 'Kajászó', 1),
	(1160, 'Kajdacs', 18),
	(1161, 'Kakasd', 18),
	(1162, 'Kákics', 3),
	(1163, 'Kakucs', 7),
	(1164, 'Kál', 4),
	(1165, 'Kalaznó', 18),
	(1166, 'Káld', 10),
	(1167, 'Kálló', 19),
	(1168, 'Kallósd', 15),
	(1169, 'Kállósemjén', 13),
	(1170, 'Kálmáncsa', 11),
	(1171, 'Kálmánháza', 13),
	(1172, 'Kálócfa', 15),
	(1173, 'Kalocsa', 12),
	(1174, 'Káloz', 1),
	(1175, 'Kám', 10),
	(1176, 'Kamond', 8),
	(1177, 'Kamut', 16),
	(1178, 'Kánó', 5),
	(1179, 'Kántorjánosi', 13),
	(1180, 'Kány', 5),
	(1181, 'Kánya', 11),
	(1182, 'Kányavár', 15),
	(1183, 'Kapolcs', 8),
	(1184, 'Kápolna', 4),
	(1185, 'Kápolnásnyék', 1),
	(1186, 'Kapoly', 11),
	(1187, 'Kaposfő', 11),
	(1188, 'Kaposgyarmat', 11),
	(1189, 'Kaposhomok', 11),
	(1190, 'Kaposkeresztúr', 11),
	(1191, 'Kaposmérő', 11),
	(1192, 'Kapospula', 18),
	(1193, 'Kaposszekcső', 18),
	(1194, 'Kaposszerdahely', 11),
	(1195, 'Kaposújlak', 11),
	(1196, 'Kaposvár', 11),
	(1197, 'Káptalanfa', 8),
	(1198, 'Káptalantóti', 8),
	(1199, 'Kapuvár', 6),
	(1200, 'Kára', 11),
	(1201, 'Karácsond', 4),
	(1202, 'Karád', 11),
	(1203, 'Karakó', 10),
	(1204, 'Karakószörcsök', 8),
	(1205, 'Karancsalja', 19),
	(1206, 'Karancsberény', 19),
	(1207, 'Karancskeszi', 19),
	(1208, 'Karancslapujtő', 19),
	(1209, 'Karancsság', 19),
	(1210, 'Kárász', 3),
	(1211, 'Karcag', 2),
	(1212, 'Karcsa', 5),
	(1213, 'Kardos', 16),
	(1214, 'Kardoskút', 16),
	(1215, 'Karmacs', 15),
	(1216, 'Karos', 5),
	(1217, 'Kartal', 7),
	(1218, 'Kásád', 3),
	(1219, 'Kaskantyú', 12),
	(1220, 'Kastélyosdombó', 11),
	(1221, 'Kaszaper', 16),
	(1222, 'Kaszó', 11),
	(1223, 'Katádfa', 3),
	(1224, 'Katafa', 10),
	(1225, 'Kátoly', 3),
	(1226, 'Katymár', 12),
	(1227, 'Káva', 7),
	(1228, 'Kávás', 15),
	(1229, 'Kazár', 19),
	(1230, 'Kazincbarcika', 5),
	(1231, 'Kázsmárk', 5),
	(1232, 'Kazsok', 11),
	(1233, 'Kecel', 12),
	(1234, 'Kecskéd', 9),
	(1235, 'Kecskemét', 12),
	(1236, 'Kehidakustány', 15),
	(1237, 'Kék', 13),
	(1238, 'Kékcse', 13),
	(1239, 'Kéked', 5),
	(1240, 'Kékesd', 3),
	(1241, 'Kékkút', 8),
	(1242, 'Kelebia', 12),
	(1243, 'Keléd', 10),
	(1244, 'Kelemér', 5),
	(1245, 'Kéleshalom', 12),
	(1246, 'Kelevíz', 11),
	(1247, 'Kemecse', 13),
	(1248, 'Kemence', 7),
	(1249, 'Kemendollár', 15),
	(1250, 'Kemeneshőgyész', 8),
	(1251, 'Kemeneskápolna', 10),
	(1252, 'Kemenesmagasi', 10),
	(1253, 'Kemenesmihályfa', 10),
	(1254, 'Kemenespálfa', 10),
	(1255, 'Kemenessömjén', 10),
	(1256, 'Kemenesszentmárton', 10),
	(1257, 'Kemenesszentpéter', 8),
	(1258, 'Keménfa', 15),
	(1259, 'Kémes', 3),
	(1260, 'Kemestaródfa', 10),
	(1261, 'Kemse', 3),
	(1262, 'Kenderes', 2),
	(1263, 'Kenéz', 10),
	(1264, 'Kenézlő', 5),
	(1265, 'Kengyel', 2),
	(1266, 'Kenyeri', 10),
	(1267, 'Kercaszomor', 10),
	(1268, 'Kercseliget', 11),
	(1269, 'Kerecsend', 4),
	(1270, 'Kerecseny', 15),
	(1271, 'Kerekegyháza', 12),
	(1272, 'Kereki', 11),
	(1273, 'Kerékteleki', 9),
	(1274, 'Kerepes', 7),
	(1275, 'Keresztéte', 5),
	(1276, 'Kerkabarabás', 15),
	(1277, 'Kerkafalva', 15),
	(1278, 'Kerkakutas', 15),
	(1279, 'Kerkáskápolna', 10),
	(1280, 'Kerkaszentkirály', 15),
	(1281, 'Kerkateskánd', 15),
	(1282, 'Kérsemjén', 13),
	(1283, 'Kerta', 8),
	(1284, 'Kertészsziget', 16),
	(1285, 'Keszeg', 19),
	(1286, 'Kesznyéten', 5),
	(1287, 'Keszőhidegkút', 18),
	(1288, 'Keszthely', 15),
	(1289, 'Kesztölc', 9),
	(1290, 'Keszü', 3),
	(1291, 'Kétbodony', 19),
	(1292, 'Kétegyháza', 16),
	(1293, 'Kéthely', 11),
	(1294, 'Kétpó', 2),
	(1295, 'Kétsoprony', 16),
	(1296, 'Kétújfalu', 3),
	(1297, 'Kétvölgy', 10),
	(1298, 'Kéty', 18),
	(1299, 'Kevermes', 16),
	(1300, 'Kilimán', 15),
	(1301, 'Kimle', 6),
	(1302, 'Kincsesbánya', 1),
	(1303, 'Királd', 5),
	(1304, 'Királyegyháza', 3),
	(1305, 'Királyhegyes', 14),
	(1306, 'Királyszentistván', 8),
	(1307, 'Kisapáti', 8),
	(1308, 'Kisapostag', 1),
	(1309, 'Kisar', 13),
	(1310, 'Kisasszond', 11),
	(1311, 'Kisasszonyfa', 3),
	(1312, 'Kisbabot', 6),
	(1313, 'Kisbágyon', 19),
	(1314, 'Kisbajcs', 6),
	(1315, 'Kisbajom', 11),
	(1316, 'Kisbárapáti', 11),
	(1317, 'Kisbárkány', 19),
	(1318, 'Kisbér', 9),
	(1319, 'Kisberény', 11),
	(1320, 'Kisberzseny', 8),
	(1321, 'Kisbeszterce', 3),
	(1322, 'Kisbodak', 6),
	(1323, 'Kisbucsa', 15),
	(1324, 'Kisbudmér', 3),
	(1325, 'Kiscsécs', 5),
	(1326, 'Kiscsehi', 15),
	(1327, 'Kiscsősz', 8),
	(1328, 'Kisdér', 3),
	(1329, 'Kisdobsza', 3),
	(1330, 'Kisdombegyház', 16),
	(1331, 'Kisdorog', 18),
	(1332, 'Kisecset', 19),
	(1333, 'Kisfalud', 6),
	(1334, 'Kisfüzes', 4),
	(1335, 'Kisgörbő', 15),
	(1336, 'Kisgyalán', 11),
	(1337, 'Kisgyőr', 5),
	(1338, 'Kishajmás', 3),
	(1339, 'Kisharsány', 3),
	(1340, 'Kishartyán', 19),
	(1341, 'Kisherend', 3),
	(1342, 'Kishódos', 13),
	(1343, 'Kishuta', 5),
	(1344, 'Kisigmánd', 9),
	(1345, 'Kisjakabfalva', 3),
	(1346, 'Kiskassa', 3),
	(1347, 'Kiskinizs', 5),
	(1348, 'Kisköre', 11),
	(1349, 'Kiskőrös', 4),
	(1350, 'Kiskorpád', 12),
	(1351, 'Kiskunfélegyháza', 12),
	(1352, 'Kiskunhalas', 12),
	(1353, 'Kiskunlacháza', 7),
	(1354, 'Kiskunmajsa', 12),
	(1355, 'Kiskutas', 15),
	(1356, 'Kisláng', 1),
	(1357, 'Kisléta', 13),
	(1358, 'Kislippó', 3),
	(1359, 'Kislőd', 8),
	(1360, 'Kismányok', 18),
	(1361, 'Kismarja', 17),
	(1362, 'Kismaros', 7),
	(1363, 'Kisnamény', 13),
	(1364, 'Kisnána', 4),
	(1365, 'Kisnémedi', 7),
	(1366, 'Kisnyárád', 3),
	(1367, 'Kisoroszi', 7),
	(1368, 'Kispalád', 13),
	(1369, 'Kispáli', 15),
	(1370, 'Kispirit', 8),
	(1371, 'Kisrákos', 10),
	(1372, 'Kisrécse', 15),
	(1373, 'Kisrozvágy', 5),
	(1374, 'Kissikátor', 5),
	(1375, 'Kissomlyó', 10),
	(1376, 'Kisszállás', 12),
	(1377, 'Kisszékely', 18),
	(1378, 'Kisszekeres', 13),
	(1379, 'Kisszentmárton', 3),
	(1380, 'Kissziget', 15),
	(1381, 'Kisszőlős', 8),
	(1382, 'Kistamási', 3),
	(1383, 'Kistapolca', 3),
	(1384, 'Kistarcsa', 7),
	(1385, 'Kistelek', 14),
	(1386, 'Kistokaj', 5),
	(1387, 'Kistolmács', 15),
	(1388, 'Kistormás', 18),
	(1389, 'Kistótfalu', 3),
	(1390, 'Kisújszállás', 2),
	(1391, 'Kisunyom', 10),
	(1392, 'Kisvárda', 13),
	(1393, 'Kisvarsány', 13),
	(1394, 'Kisvásárhely', 15),
	(1395, 'Kisvaszar', 3),
	(1396, 'Kisvejke', 18),
	(1397, 'Kiszombor', 14),
	(1398, 'Kiszsidány', 10),
	(1399, 'Klárafalva', 14),
	(1400, 'Köblény', 9),
	(1401, 'Kocs', 7),
	(1402, 'Kocsér', 18),
	(1403, 'Köcsk', 13),
	(1404, 'Kocsola', 7),
	(1405, 'Kocsord', 17),
	(1406, 'Kóka', 8),
	(1407, 'Kokad', 17),
	(1408, 'Kökény', 9),
	(1409, 'Kőkút', 9),
	(1410, 'Kölcse', 9),
	(1411, 'Kölesd', 5),
	(1412, 'Kölked', 3),
	(1413, 'Kolontár', 3),
	(1414, 'Komádi', 13),
	(1415, 'Komárom', 13),
	(1416, 'Komjáti', 4),
	(1417, 'Komló', 10),
	(1418, 'Kömlő', 16),
	(1419, 'Kömlőd', 6),
	(1420, 'Komlódtótfalu', 17),
	(1421, 'Komlósd', 6),
	(1422, 'Komlóska', 18),
	(1423, 'Komoró', 5),
	(1424, 'Kömörő', 6),
	(1425, 'Kömpöc', 3),
	(1426, 'Kompolt', 7),
	(1427, 'Kondó', 7),
	(1428, 'Kondorfa', 13),
	(1429, 'Kondoros', 3),
	(1430, 'Kóny', 3),
	(1431, 'Konyár', 5),
	(1432, 'Kópháza', 19),
	(1433, 'Koppányszántó', 3),
	(1434, 'Korlát', 15),
	(1435, 'Körmend', 10),
	(1436, 'Környe', 3),
	(1437, 'Köröm', 11),
	(1438, 'Koroncó', 13),
	(1439, 'Kórós', 18),
	(1440, 'Kőröshegy', 3),
	(1441, 'Körösladány', 4),
	(1442, 'Körösnagyharsány', 9),
	(1443, 'Körösszakál', 13),
	(1444, 'Körösszegapáti', 12),
	(1445, 'Köröstarcsa', 10),
	(1446, 'Kőröstetétlen', 10),
	(1447, 'Körösújfalu', 9),
	(1448, 'Kosd', 5),
	(1449, 'Kóspallag', 11),
	(1450, 'Kőszárhegy', 16),
	(1451, 'Kőszeg', 16),
	(1452, 'Kőszegdoroszló', 16),
	(1453, 'Kőszegpaty', 7),
	(1454, 'Kőszegszerdahely', 16),
	(1455, 'Kótaj', 17),
	(1456, 'Kötcse', 17),
	(1457, 'Kötegyán', 1),
	(1458, 'Kőtelek', 10),
	(1459, 'Kovácshida', 10),
	(1460, 'Kovácsszénája', 10),
	(1461, 'Kovácsvágás', 10),
	(1462, 'Kővágóörs', 11),
	(1463, 'Kővágószőlős', 16),
	(1464, 'Kővágótőttős', 2),
	(1465, 'Kövegy', 8),
	(1466, 'Köveskál', 3),
	(1467, 'Kozárd', 3),
	(1468, 'Kozármisleny', 14),
	(1469, 'Kozmadombja', 8),
	(1470, 'Krasznokvajda', 5),
	(1471, 'Kübekháza', 1),
	(1472, 'Kulcs', 12),
	(1473, 'Külsősárd', 16),
	(1474, 'Külsővat', 12),
	(1475, 'Kunadacs', 12),
	(1476, 'Kunágota', 2),
	(1477, 'Kunbaja', 12),
	(1478, 'Kunbaracs', 2),
	(1479, 'Kuncsorba', 2),
	(1480, 'Kunfehértó', 12),
	(1481, 'Küngös', 12),
	(1482, 'Kunhegyes', 2),
	(1483, 'Kunmadaras', 2),
	(1484, 'Kunpeszér', 12),
	(1485, 'Kunszállás', 6),
	(1486, 'Kunszentmárton', 5),
	(1487, 'Kunszentmiklós', 18),
	(1488, 'Kunsziget', 5),
	(1489, 'Kup', 15),
	(1490, 'Kupa', 11),
	(1491, 'Kurd', 19),
	(1492, 'Kurityán', 14),
	(1493, 'Kustánszeg', 15),
	(1494, 'Kutas', 8),
	(1495, 'Kutasó', 8),
	(1496, 'Lábatlan', 9),
	(1497, 'Lábod', 11),
	(1498, 'Lácacséke', 5),
	(1499, 'Lad', 11),
	(1500, 'Ladánybene', 12),
	(1501, 'Ládbesenyő', 5),
	(1502, 'Lajoskomárom', 1),
	(1503, 'Lajosmizse', 12),
	(1504, 'Lak', 5),
	(1505, 'Lakhegy', 15),
	(1506, 'Lakitelek', 12),
	(1507, 'Lakócsa', 11),
	(1508, 'Lánycsók', 3),
	(1509, 'Lápafő', 18),
	(1510, 'Lapáncsa', 3),
	(1511, 'Laskod', 13),
	(1512, 'Lasztonya', 15),
	(1513, 'Látrány', 11),
	(1514, 'Lázi', 6),
	(1515, 'Leányfalu', 7),
	(1516, 'Leányvár', 9),
	(1517, 'Lébény', 6),
	(1518, 'Legénd', 19),
	(1519, 'Legyesbénye', 5),
	(1520, 'Léh', 5),
	(1521, 'Lénárddaróc', 5),
	(1522, 'Lendvadedes', 15),
	(1523, 'Lendvajakabfa', 15),
	(1524, 'Lengyel', 18),
	(1525, 'Lengyeltóti', 11),
	(1526, 'Lenti', 15),
	(1527, 'Lepsény', 1),
	(1528, 'Lesencefalu', 8),
	(1529, 'Lesenceistvánd', 8),
	(1530, 'Lesencetomaj', 8),
	(1531, 'Létavértes', 17),
	(1532, 'Letenye', 15),
	(1533, 'Letkés', 7),
	(1534, 'Levél', 6),
	(1535, 'Levelek', 13),
	(1536, 'Libickozma', 11),
	(1537, 'Lickóvadamos', 15),
	(1538, 'Liget', 3),
	(1539, 'Ligetfalva', 15),
	(1540, 'Lipót', 6),
	(1541, 'Lippó', 3),
	(1542, 'Liptód', 3),
	(1543, 'Lispeszentadorján', 15),
	(1544, 'Liszó', 15),
	(1545, 'Litér', 8),
	(1546, 'Litka', 5),
	(1547, 'Litke', 19),
	(1548, 'Lócs', 10),
	(1549, 'Lőkösháza', 8),
	(1550, 'Lókút', 13),
	(1551, 'Lónya', 7),
	(1552, 'Lórév', 3),
	(1553, 'Lőrinci', 3),
	(1554, 'Lothárd', 15),
	(1555, 'Lovas', 8),
	(1556, 'Lovasberény', 16),
	(1557, 'Lovászhetény', 4),
	(1558, 'Lovászi', 4),
	(1559, 'Lovászpatona', 4),
	(1560, 'Lövő', 6),
	(1561, 'Lövőpetri', 13),
	(1562, 'Lucfalva', 19),
	(1563, 'Ludányhalászi', 19),
	(1564, 'Ludas', 4),
	(1565, 'Lukácsháza', 10),
	(1566, 'Lulla', 11),
	(1567, 'Lúzsok', 3),
	(1568, 'Mád', 5),
	(1569, 'Madaras', 12),
	(1570, 'Madocsa', 18),
	(1571, 'Maglóca', 6),
	(1572, 'Maglód', 7),
	(1573, 'Mágocs', 3),
	(1574, 'Magosliget', 13),
	(1575, 'Magy', 13),
	(1576, 'Magyaralmás', 1),
	(1577, 'Magyaratád', 11),
	(1578, 'Magyarbánhegyes', 16),
	(1579, 'Magyarbóly', 3),
	(1580, 'Magyarcsanád', 14),
	(1581, 'Magyardombegyház', 16),
	(1582, 'Magyaregregy', 3),
	(1583, 'Magyaregres', 11),
	(1584, 'Magyarföld', 15),
	(1585, 'Magyargéc', 19),
	(1586, 'Magyargencs', 8),
	(1587, 'Magyarhertelend', 3),
	(1588, 'Magyarhomorog', 17),
	(1589, 'Magyarkeresztúr', 6),
	(1590, 'Magyarkeszi', 18),
	(1591, 'Magyarlak', 10),
	(1592, 'Magyarlukafa', 3),
	(1593, 'Magyarmecske', 3),
	(1594, 'Magyarnádalja', 10),
	(1595, 'Magyarnándor', 19),
	(1596, 'Magyarpolány', 8),
	(1597, 'Magyarsarlós', 3),
	(1598, 'Magyarszecsőd', 10),
	(1599, 'Magyarszék', 3),
	(1600, 'Magyarszentmiklós', 15),
	(1601, 'Magyarszerdahely', 15),
	(1602, 'Magyarszombatfa', 10),
	(1603, 'Magyartelek', 3),
	(1604, 'Majosháza', 7),
	(1605, 'Majs', 3),
	(1606, 'Makád', 7),
	(1607, 'Makkoshotyka', 5),
	(1608, 'Maklár', 4),
	(1609, 'Makó', 14),
	(1610, 'Malomsok', 8),
	(1611, 'Mályi', 5),
	(1612, 'Mályinka', 5),
	(1613, 'Mánd', 13),
	(1614, 'Mándok', 13),
	(1615, 'Mánfa', 3),
	(1616, 'Mány', 1),
	(1617, 'Maráza', 3),
	(1618, 'Marcalgergelyi', 8),
	(1619, 'Marcali', 11),
	(1620, 'Marcaltő', 8),
	(1621, 'Márfa', 3),
	(1622, 'Máriahalom', 9),
	(1623, 'Máriakálnok', 6),
	(1624, 'Máriakéménd', 3),
	(1625, 'Márianosztra', 7),
	(1626, 'Máriapócs', 13),
	(1627, 'Markaz', 4),
	(1628, 'Márkháza', 19),
	(1629, 'Márkó', 8),
	(1630, 'Markóc', 3),
	(1631, 'Markotabödöge', 6),
	(1632, 'Maróc', 15),
	(1633, 'Marócsa', 3),
	(1634, 'Márok', 3),
	(1635, 'Márokföld', 15),
	(1636, 'Márokpapi', 13),
	(1637, 'Maroslele', 14),
	(1638, 'Mártély', 14),
	(1639, 'Martfű', 2),
	(1640, 'Martonfa', 3),
	(1641, 'Martonvásár', 1),
	(1642, 'Martonyi', 5),
	(1643, 'Mátészalka', 13),
	(1644, 'Mátételke', 12),
	(1645, 'Mátraballa', 4),
	(1646, 'Mátraderecske', 4),
	(1647, 'Mátramindszent', 19),
	(1648, 'Mátranovák', 19),
	(1649, 'Mátraszele', 19),
	(1650, 'Mátraszentimre', 4),
	(1651, 'Mátraszőlős', 19),
	(1652, 'Mátraterenye', 19),
	(1653, 'Mátraverebély', 19),
	(1654, 'Matty', 1),
	(1655, 'Mátyásdomb', 3),
	(1656, 'Mátyus', 13),
	(1657, 'Máza', 3),
	(1658, 'Mecseknádasd', 3),
	(1659, 'Mecsekpölöske', 3),
	(1660, 'Mecsér', 6),
	(1661, 'Medgyesbodzás', 16),
	(1662, 'Medgyesegyháza', 16),
	(1663, 'Medina', 18),
	(1664, 'Meggyeskovácsi', 10),
	(1665, 'Megyaszó', 5),
	(1666, 'Megyehid', 10),
	(1667, 'Megyer', 8),
	(1668, 'Méhkerék', 16),
	(1669, 'Méhtelek', 13),
	(1670, 'Mekényes', 3),
	(1671, 'Mélykút', 12),
	(1672, 'Mencshely', 8),
	(1673, 'Mende', 7),
	(1674, 'Méra', 5),
	(1675, 'Merenye', 3),
	(1676, 'Mérges', 6),
	(1677, 'Mérk', 13),
	(1678, 'Mernye', 11),
	(1679, 'Mersevát', 10),
	(1680, 'Mesterháza', 10),
	(1681, 'Mesteri', 10),
	(1682, 'Mesterszállás', 2),
	(1683, 'Meszes', 5),
	(1684, 'Meszlen', 10),
	(1685, 'Mesztegnyő', 11),
	(1686, 'Mezőberény', 16),
	(1687, 'Mezőcsát', 5),
	(1688, 'Mezőcsokonya', 11),
	(1689, 'Meződ', 3),
	(1690, 'Mezőfalva', 1),
	(1691, 'Mezőgyán', 16),
	(1692, 'Mezőhegyes', 16),
	(1693, 'Mezőhék', 2),
	(1694, 'Mezőkeresztes', 5),
	(1695, 'Mezőkomárom', 1),
	(1696, 'Mezőkovácsháza', 16),
	(1697, 'Mezőkövesd', 5),
	(1698, 'Mezőladány', 13),
	(1699, 'Mezőlak', 8),
	(1700, 'Mezőnagymihály', 5),
	(1701, 'Mezőnyárád', 5),
	(1702, 'Mezőörs', 6),
	(1703, 'Mezőpeterd', 17),
	(1704, 'Mezősas', 17),
	(1705, 'Mezőszemere', 4),
	(1706, 'Mezőszentgyörgy', 1),
	(1707, 'Mezőszilas', 1),
	(1708, 'Mezőtárkány', 4),
	(1709, 'Mezőtúr', 2),
	(1710, 'Mezőzombor', 5),
	(1711, 'Miháld', 15),
	(1712, 'Mihályfa', 15),
	(1713, 'Mihálygerge', 19),
	(1714, 'Mihályháza', 8),
	(1715, 'Mihályi', 6),
	(1716, 'Mike', 11),
	(1717, 'Mikebuda', 7),
	(1718, 'Mikekarácsonyfa', 15),
	(1719, 'Mikepércs', 17),
	(1720, 'Miklósi', 11),
	(1721, 'Mikófalva', 4),
	(1722, 'Mikóháza', 5),
	(1723, 'Mikosszéplak', 10),
	(1724, 'Milejszeg', 15),
	(1725, 'Milota', 13),
	(1726, 'Mindszent', 14),
	(1727, 'Mindszentgodisa', 3),
	(1728, 'Mindszentkálla', 8),
	(1729, 'Misefa', 15),
	(1730, 'Miske', 12),
	(1731, 'Miskolc', 5),
	(1732, 'Miszla', 18),
	(1733, 'Mocsa', 9),
	(1734, 'Mőcsény', 7),
	(1735, 'Mogyoród', 9),
	(1736, 'Mogyorósbánya', 5),
	(1737, 'Mogyoróska', 1),
	(1738, 'Moha', 3),
	(1739, 'Mohács', 19),
	(1740, 'Mohora', 15),
	(1741, 'Molnári', 10),
	(1742, 'Molnaszecsőd', 3),
	(1743, 'Molvány', 5),
	(1744, 'Monaj', 5),
	(1745, 'Monok', 7),
	(1746, 'Monor', 4),
	(1747, 'Mónosbél', 8),
	(1748, 'Monostorapáti', 17),
	(1749, 'Monostorpályi', 8),
	(1750, 'Monoszló', 3),
	(1751, 'Monyoród', 1),
	(1752, 'Mór', 18),
	(1753, 'Mórágy', 14),
	(1754, 'Mórahalom', 12),
	(1755, 'Móricgát', 6),
	(1756, 'Mórichida', 11),
	(1757, 'Mosdós', 6),
	(1758, 'Mosonmagyaróvár', 6),
	(1759, 'Mosonszentmiklós', 6),
	(1760, 'Mosonszolnok', 3),
	(1761, 'Mozsgó', 18),
	(1762, 'Mucsfa', 18),
	(1763, 'Mucsi', 18),
	(1764, 'Múcsony', 5),
	(1765, 'Muhi', 5),
	(1766, 'Murakeresztúr', 15),
	(1767, 'Murarátka', 15),
	(1768, 'Muraszemenye', 15),
	(1769, 'Murga', 18),
	(1770, 'Murony', 16),
	(1771, 'Nábrád', 13),
	(1772, 'Nadap', 1),
	(1773, 'Nádasd', 10),
	(1774, 'Nádasdladány', 1),
	(1775, 'Nádudvar', 17),
	(1776, 'Nágocs', 11),
	(1777, 'Nagyacsád', 8),
	(1778, 'Nagyalásony', 8),
	(1779, 'Nagyar', 13),
	(1780, 'Nagyatád', 11),
	(1781, 'Nagybajcs', 6),
	(1782, 'Nagybajom', 11),
	(1783, 'Nagybakónak', 15),
	(1784, 'Nagybánhegyes', 16),
	(1785, 'Nagybaracska', 12),
	(1786, 'Nagybarca', 5),
	(1787, 'Nagybárkány', 19),
	(1788, 'Nagyberény', 11),
	(1789, 'Nagyberki', 11),
	(1790, 'Nagybörzsöny', 7),
	(1791, 'Nagybudmér', 3),
	(1792, 'Nagycenk', 6),
	(1793, 'Nagycsány', 3),
	(1794, 'Nagycsécs', 5),
	(1795, 'Nagycsepely', 11),
	(1796, 'Nagycserkesz', 13),
	(1797, 'Nagydém', 8),
	(1798, 'Nagydobos', 13),
	(1799, 'Nagydobsza', 3),
	(1800, 'Nagydorog', 18),
	(1801, 'Nagyecsed', 13),
	(1802, 'Nagyér', 14),
	(1803, 'Nagyesztergár', 8),
	(1804, 'Nagyfüged', 4),
	(1805, 'Nagygeresd', 10),
	(1806, 'Nagygörbő', 15),
	(1807, 'Nagygyimót', 8),
	(1808, 'Nagyhajmás', 3),
	(1809, 'Nagyhalász', 13),
	(1810, 'Nagyharsány', 3),
	(1811, 'Nagyhegyes', 17),
	(1812, 'Nagyhódos', 13),
	(1813, 'Nagyhuta', 5),
	(1814, 'Nagyigmánd', 9),
	(1815, 'Nagyiván', 2),
	(1816, 'Nagykálló', 13),
	(1817, 'Nagykamarás', 16),
	(1818, 'Nagykanizsa', 15),
	(1819, 'Nagykapornak', 15),
	(1820, 'Nagykarácsony', 1),
	(1821, 'Nagykáta', 7),
	(1822, 'Nagykereki', 17),
	(1823, 'Nagykeresztúr', 19),
	(1824, 'Nagykinizs', 5),
	(1825, 'Nagykökényes', 18),
	(1826, 'Nagykölked', 11),
	(1827, 'Nagykónyi', 7),
	(1828, 'Nagykőrös', 3),
	(1829, 'Nagykorpád', 4),
	(1830, 'Nagykörű', 10),
	(1831, 'Nagykovácsi', 7),
	(1832, 'Nagykozár', 2),
	(1833, 'Nagykutas', 15),
	(1834, 'Nagylak', 14),
	(1835, 'Nagylengyel', 15),
	(1836, 'Nagylóc', 19),
	(1837, 'Nagylók', 1),
	(1838, 'Nagylózs', 6),
	(1839, 'Nagymágocs', 14),
	(1840, 'Nagymányok', 18),
	(1841, 'Nagymaros', 7),
	(1842, 'Nagymizdó', 10),
	(1843, 'Nagynyárád', 3),
	(1844, 'Nagyoroszi', 19),
	(1845, 'Nagypáli', 15),
	(1846, 'Nagypall', 3),
	(1847, 'Nagypeterd', 3),
	(1848, 'Nagypirit', 8),
	(1849, 'Nagyrábé', 17),
	(1850, 'Nagyrada', 15),
	(1851, 'Nagyrákos', 10),
	(1852, 'Nagyrécse', 15),
	(1853, 'Nagyréde', 4),
	(1854, 'Nagyrév', 2),
	(1855, 'Nagyrozvágy', 5),
	(1856, 'Nagysáp', 9),
	(1857, 'Nagysimonyi', 10),
	(1858, 'Nagyszakácsi', 11),
	(1859, 'Nagyszékely', 18),
	(1860, 'Nagyszekeres', 13),
	(1861, 'Nagyszénás', 16),
	(1862, 'Nagyszentjános', 6),
	(1863, 'Nagyszokoly', 18),
	(1864, 'Nagytálya', 4),
	(1865, 'Nagytarcsa', 7),
	(1866, 'Nagytevel', 8),
	(1867, 'Nagytilaj', 10),
	(1868, 'Nagytőke', 3),
	(1869, 'Nagytótfalu', 14),
	(1870, 'Nagyút', 4),
	(1871, 'Nagyvarsány', 13),
	(1872, 'Nagyváty', 3),
	(1873, 'Nagyvázsony', 8),
	(1874, 'Nagyvejke', 18),
	(1875, 'Nagyveleg', 1),
	(1876, 'Nagyvenyim', 1),
	(1877, 'Nagyvisnyó', 4),
	(1878, 'Nak', 18),
	(1879, 'Napkor', 13),
	(1880, 'Nárai', 10),
	(1881, 'Narda', 10),
	(1882, 'Naszály', 9),
	(1883, 'Négyes', 5),
	(1884, 'Nekézseny', 5),
	(1885, 'Nemesapáti', 15),
	(1886, 'Nemesbikk', 5),
	(1887, 'Nemesbőd', 13),
	(1888, 'Nemesborzova', 10),
	(1889, 'Nemesbük', 15),
	(1890, 'Nemescsó', 10),
	(1891, 'Nemesdéd', 11),
	(1892, 'Nemesgörzsöny', 8),
	(1893, 'Nemesgulács', 8),
	(1894, 'Nemeshany', 8),
	(1895, 'Nemeshetés', 15),
	(1896, 'Nemeske', 3),
	(1897, 'Nemeskér', 6),
	(1898, 'Nemeskeresztúr', 10),
	(1899, 'Nemeskisfalud', 11),
	(1900, 'Nemeskocs', 10),
	(1901, 'Nemeskolta', 10),
	(1902, 'Nemesládony', 10),
	(1903, 'Nemesmedves', 10),
	(1904, 'Nemesnádudvar', 12),
	(1905, 'Nemesnép', 15),
	(1906, 'Nemespátró', 15),
	(1907, 'Nemesrádó', 15),
	(1908, 'Nemesrempehollós', 10),
	(1909, 'Nemessándorháza', 15),
	(1910, 'Nemesszalók', 8),
	(1911, 'Nemesszentandrás', 15),
	(1912, 'Nemesvámos', 8),
	(1913, 'Nemesvid', 11),
	(1914, 'Nemesvita', 8),
	(1915, 'Németbánya', 8),
	(1916, 'Németfalu', 15),
	(1917, 'Németkér', 18),
	(1918, 'Nemti', 19),
	(1919, 'Neszmély', 9),
	(1920, 'Nézsa', 19),
	(1921, 'Nick', 10),
	(1922, 'Nikla', 11),
	(1923, 'Nógrád', 19),
	(1924, 'Nógrádkövesd', 19),
	(1925, 'Nógrádmarcal', 19),
	(1926, 'Nógrádmegyer', 19),
	(1927, 'Nógrádsáp', 19),
	(1928, 'Nógrádsipek', 19),
	(1929, 'Nógrádszakál', 19),
	(1930, 'Nóráp', 8),
	(1931, 'Noszlop', 8),
	(1932, 'Noszvaj', 4),
	(1933, 'Nőtincs', 15),
	(1934, 'Nova', 4),
	(1935, 'Novaj', 5),
	(1936, 'Novajidrány', 19),
	(1937, 'Nyalka', 6),
	(1938, 'Nyárád', 8),
	(1939, 'Nyáregyháza', 7),
	(1940, 'Nyárlőrinc', 12),
	(1941, 'Nyársapát', 7),
	(1942, 'Nyékládháza', 5),
	(1943, 'Nyergesújfalu', 9),
	(1944, 'Nyésta', 5),
	(1945, 'Nyim', 11),
	(1946, 'Nyírábrány', 17),
	(1947, 'Nyíracsád', 17),
	(1948, 'Nyirád', 8),
	(1949, 'Nyíradony', 17),
	(1950, 'Nyírbátor', 13),
	(1951, 'Nyírbéltek', 13),
	(1952, 'Nyírbogát', 13),
	(1953, 'Nyírbogdány', 13),
	(1954, 'Nyírcsaholy', 13),
	(1955, 'Nyírcsászári', 13),
	(1956, 'Nyírderzs', 13),
	(1957, 'Nyíregyháza', 13),
	(1958, 'Nyírgelse', 13),
	(1959, 'Nyírgyulaj', 13),
	(1960, 'Nyíri', 5),
	(1961, 'Nyíribrony', 13),
	(1962, 'Nyírjákó', 13),
	(1963, 'Nyírkarász', 13),
	(1964, 'Nyírkáta', 13),
	(1965, 'Nyírkércs', 13),
	(1966, 'Nyírlövő', 13),
	(1967, 'Nyírlugos', 13),
	(1968, 'Nyírmada', 13),
	(1969, 'Nyírmártonfalva', 17),
	(1970, 'Nyírmeggyes', 13),
	(1971, 'Nyírmihálydi', 13),
	(1972, 'Nyírparasznya', 13),
	(1973, 'Nyírpazony', 13),
	(1974, 'Nyírpilis', 13),
	(1975, 'Nyírtass', 13),
	(1976, 'Nyírtelek', 13),
	(1977, 'Nyírtét', 13),
	(1978, 'Nyírtura', 13),
	(1979, 'Nyírvasvári', 13),
	(1980, 'Nyőgér', 5),
	(1981, 'Nyomár', 10),
	(1982, 'Nyugotszenterzsébet', 3),
	(1983, 'Nyúl', 6),
	(1984, 'Óbánya', 3),
	(1985, 'Óbarok', 1),
	(1986, 'Óbudavár', 8),
	(1987, 'Öcs', 7),
	(1988, 'Ócsa', 3),
	(1989, 'Ócsárd', 3),
	(1990, 'Őcsény', 13),
	(1991, 'Öcsöd', 14),
	(1992, 'Ófalu', 15),
	(1993, 'Ófehértó', 16),
	(1994, 'Óföldeák', 3),
	(1995, 'Óhid', 3),
	(1996, 'Okány', 3),
	(1997, 'Okorág', 10),
	(1998, 'Ököritófülpös', 8),
	(1999, 'Okorvölgy', 5),
	(2000, 'Olasz', 13),
	(2001, 'Olaszfa', 13),
	(2002, 'Olaszfalu', 3),
	(2003, 'Olaszliszka', 10),
	(2004, 'Ölbő', 15),
	(2005, 'Olcsva', 5),
	(2006, 'Olcsvaapáti', 5),
	(2007, 'Old', 13),
	(2008, 'Ólmod', 14),
	(2009, 'Oltárc', 15),
	(2010, 'Ömböly', 11),
	(2011, 'Onga', 11),
	(2012, 'Ónod', 12),
	(2013, 'Ópályi', 10),
	(2014, 'Ópusztaszer', 3),
	(2015, 'Őr', 12),
	(2016, 'Orbányosfa', 15),
	(2017, 'Őrbottyán', 5),
	(2018, 'Orci', 16),
	(2019, 'Ordacsehi', 16),
	(2020, 'Ordas', 16),
	(2021, 'Öregcsertő', 16),
	(2022, 'Öreglak', 8),
	(2023, 'Orfalu', 9),
	(2024, 'Orfű', 3),
	(2025, 'Orgovány', 15),
	(2026, 'Őrhalom', 15),
	(2027, 'Őrimagyarósd', 6),
	(2028, 'Őriszentpéter', 10),
	(2029, 'Örkény', 4),
	(2030, 'Ormándlak', 10),
	(2031, 'Örményes', 5),
	(2032, 'Örménykút', 11),
	(2033, 'Ormosbánya', 5),
	(2034, 'Orosháza', 5),
	(2035, 'Oroszi', 5),
	(2036, 'Oroszlány', 5),
	(2037, 'Oroszló', 5),
	(2038, 'Orosztony', 3),
	(2039, 'Ortaháza', 15),
	(2040, 'Őrtilos', 18),
	(2041, 'Örvényes', 8),
	(2042, 'Ősagárd', 18),
	(2043, 'Ősi', 2),
	(2044, 'Öskü', 13),
	(2045, 'Osli', 10),
	(2046, 'Ostffyasszonyfa', 13),
	(2047, 'Ostoros', 13),
	(2048, 'Oszkó', 7),
	(2049, 'Oszlár', 12),
	(2050, 'Osztopán', 11),
	(2051, 'Öttevény', 19),
	(2052, 'Öttömös', 10),
	(2053, 'Ötvöskónyi', 10),
	(2054, 'Ózd', 8),
	(2055, 'Ózdfalu', 6),
	(2056, 'Ozmánbük', 14),
	(2057, 'Ozora', 11),
	(2058, 'Pácin', 5),
	(2059, 'Pacsa', 15),
	(2060, 'Pácsony', 10),
	(2061, 'Padár', 15),
	(2062, 'Páhi', 12),
	(2063, 'Páka', 15),
	(2064, 'Pakod', 15),
	(2065, 'Pákozd', 1),
	(2066, 'Paks', 18),
	(2067, 'Palé', 3),
	(2068, 'Pálfa', 18),
	(2069, 'Pálfiszeg', 15),
	(2070, 'Pálháza', 5),
	(2071, 'Páli', 6),
	(2072, 'Palkonya', 3),
	(2073, 'Pálmajor', 11),
	(2074, 'Pálmonostora', 12),
	(2075, 'Palotabozsok', 3),
	(2076, 'Palotás', 19),
	(2077, 'Paloznak', 8),
	(2078, 'Pamlény', 5),
	(2079, 'Pamuk', 11),
	(2080, 'Pánd', 7),
	(2081, 'Pankasz', 10),
	(2082, 'Pannonhalma', 6),
	(2083, 'Pányok', 5),
	(2084, 'Panyola', 13),
	(2085, 'Pap', 13),
	(2086, 'Pápa', 8),
	(2087, 'Pápadereske', 8),
	(2088, 'Pápakovácsi', 8),
	(2089, 'Pápasalamon', 8),
	(2090, 'Pápateszér', 8),
	(2091, 'Papkeszi', 8),
	(2092, 'Pápoc', 10),
	(2093, 'Papos', 13),
	(2094, 'Páprád', 3),
	(2095, 'Parád', 4),
	(2096, 'Parádsasvár', 4),
	(2097, 'Parasznya', 5),
	(2098, 'Paszab', 13),
	(2099, 'Pásztó', 19),
	(2100, 'Pásztori', 6),
	(2101, 'Pat', 15),
	(2102, 'Patak', 19),
	(2103, 'Patalom', 11),
	(2104, 'Patapoklosi', 3),
	(2105, 'Patca', 11),
	(2106, 'Pátka', 1),
	(2107, 'Patosfa', 11),
	(2108, 'Pátroha', 13),
	(2109, 'Patvarc', 19),
	(2110, 'Páty', 7),
	(2111, 'Pátyod', 13),
	(2112, 'Pázmánd', 1),
	(2113, 'Pázmándfalu', 6),
	(2114, 'Pécel', 7),
	(2115, 'Pecöl', 10),
	(2116, 'Pécs', 3),
	(2117, 'Pécsbagota', 3),
	(2118, 'Pécsdevecser', 3),
	(2119, 'Pécsely', 8),
	(2120, 'Pécsudvard', 3),
	(2121, 'Pécsvárad', 3),
	(2122, 'Pellérd', 3),
	(2123, 'Pély', 4),
	(2124, 'Penc', 7),
	(2125, 'Penészlek', 13),
	(2126, 'Penyige', 8),
	(2127, 'Pénzesgyőr', 13),
	(2128, 'Pér', 6),
	(2129, 'Perbál', 7),
	(2130, 'Pere', 5),
	(2131, 'Perecse', 5),
	(2132, 'Pereked', 3),
	(2133, 'Perenye', 10),
	(2134, 'Peresznye', 10),
	(2135, 'Pereszteg', 6),
	(2136, 'Perkáta', 1),
	(2137, 'Perkupa', 5),
	(2138, 'Perőcsény', 7),
	(2139, 'Peterd', 3),
	(2140, 'Péterhida', 11),
	(2141, 'Péteri', 7),
	(2142, 'Pétervására', 4),
	(2143, 'Pétfürdő', 8),
	(2144, 'Pethőhenye', 15),
	(2145, 'Petneháza', 13),
	(2146, 'Petőfibánya', 4),
	(2147, 'Petőfiszállás', 12),
	(2148, 'Petőháza', 6),
	(2149, 'Petőmihályfa', 10),
	(2150, 'Petrikeresztúr', 15),
	(2151, 'Petrivente', 15),
	(2152, 'Pettend', 3),
	(2153, 'Piliny', 19),
	(2154, 'Pilis', 7),
	(2155, 'Pilisborosjenő', 7),
	(2156, 'Piliscsaba', 7),
	(2157, 'Piliscsév', 9),
	(2158, 'Pilisjászfalu', 7),
	(2159, 'Pilismarót', 9),
	(2160, 'Pilisszántó', 7),
	(2161, 'Pilisszentiván', 7),
	(2162, 'Pilisszentkereszt', 7),
	(2163, 'Pilisszentlászló', 7),
	(2164, 'Pilisvörösvár', 7),
	(2165, 'Pincehely', 18),
	(2166, 'Pinkamindszent', 10),
	(2167, 'Pinnye', 6),
	(2168, 'Piricse', 13),
	(2169, 'Pirtó', 12),
	(2170, 'Piskó', 3),
	(2171, 'Pitvaros', 14),
	(2172, 'Pócsa', 3),
	(2173, 'Pocsaj', 17),
	(2174, 'Pócsmegyer', 7),
	(2175, 'Pócspetri', 13),
	(2176, 'Pogány', 3),
	(2177, 'Pogányszentpéter', 11),
	(2178, 'Pókaszepetk', 15),
	(2179, 'Polány', 11),
	(2180, 'Polgár', 17),
	(2181, 'Polgárdi', 1),
	(2182, 'Pölöske', 7),
	(2183, 'Pölöskefő', 13),
	(2184, 'Pomáz', 10),
	(2185, 'Pörböly', 4),
	(2186, 'Porcsalma', 10),
	(2187, 'Pördefölde', 11),
	(2188, 'Pornóapáti', 11),
	(2189, 'Poroszló', 11),
	(2190, 'Porpác', 15),
	(2191, 'Porrog', 8),
	(2192, 'Porrogszentkirály', 10),
	(2193, 'Porrogszentpál', 11),
	(2194, 'Pórszombat', 6),
	(2195, 'Porva', 15),
	(2196, 'Pósfa', 15),
	(2197, 'Potony', 18),
	(2198, 'Pötréte', 15),
	(2199, 'Potyond', 15),
	(2200, 'Prügy', 5),
	(2201, 'Pula', 8),
	(2202, 'Püski', 15),
	(2203, 'Püspökhatvan', 19),
	(2204, 'Püspökladány', 6),
	(2205, 'Püspökmolnári', 10),
	(2206, 'Püspökszilágy', 13),
	(2207, 'Pusztaapáti', 15),
	(2208, 'Pusztaberki', 5),
	(2209, 'Pusztacsalád', 16),
	(2210, 'Pusztacsó', 18),
	(2211, 'Pusztadobos', 11),
	(2212, 'Pusztaederics', 15),
	(2213, 'Pusztafalu', 14),
	(2214, 'Pusztaföldvár', 8),
	(2215, 'Pusztahencse', 2),
	(2216, 'Pusztakovácsi', 16),
	(2217, 'Pusztamagyaród', 5),
	(2218, 'Pusztamérges', 1),
	(2219, 'Pusztamiske', 11),
	(2220, 'Pusztamonostor', 15),
	(2221, 'Pusztaottlaka', 14),
	(2222, 'Pusztaradvány', 7),
	(2223, 'Pusztaszabolcs', 1),
	(2224, 'Pusztaszemes', 7),
	(2225, 'Pusztaszentlászló', 5),
	(2226, 'Pusztaszer', 6),
	(2227, 'Pusztavacs', 7),
	(2228, 'Pusztavám', 17),
	(2229, 'Pusztazámor', 10),
	(2230, 'Putnok', 7),
	(2231, 'Rábacsanak', 6),
	(2232, 'Rábacsécsény', 6),
	(2233, 'Rábagyarmat', 10),
	(2234, 'Rábahidvég', 10),
	(2235, 'Rábakecöl', 6),
	(2236, 'Rábapatona', 6),
	(2237, 'Rábapaty', 10),
	(2238, 'Rábapordány', 6),
	(2239, 'Rábasebes', 6),
	(2240, 'Rábaszentandrás', 6),
	(2241, 'Rábaszentmihály', 6),
	(2242, 'Rábaszentmiklós', 6),
	(2243, 'Rábatamási', 6),
	(2244, 'Rábatöttös', 10),
	(2245, 'Rábcakapi', 6),
	(2246, 'Rácalmás', 1),
	(2247, 'Ráckeresztúr', 1),
	(2248, 'Ráckeve', 7),
	(2249, 'Rád', 7),
	(2250, 'Rádfalva', 3),
	(2251, 'Rádóckölked', 10),
	(2252, 'Radostyán', 5),
	(2253, 'Ragály', 5),
	(2254, 'Rajka', 6),
	(2255, 'Rakaca', 5),
	(2256, 'Rakacaszend', 5),
	(2257, 'Rakamaz', 13),
	(2258, 'Rákóczifalva', 2),
	(2259, 'Rákócziújfalu', 2),
	(2260, 'Ráksi', 11),
	(2261, 'Ramocsa', 15),
	(2262, 'Ramocsaháza', 13),
	(2263, 'Rápolt', 13),
	(2264, 'Raposka', 8),
	(2265, 'Rásonysápberencs', 5),
	(2266, 'Rátka', 5),
	(2267, 'Rátót', 10),
	(2268, 'Ravazd', 6),
	(2269, 'Recsk', 4),
	(2270, 'Réde', 9),
	(2271, 'Rédics', 15),
	(2272, 'Regéc', 5),
	(2273, 'Regenye', 3),
	(2274, 'Regöly', 18),
	(2275, 'Rém', 12),
	(2276, 'Remeteszőlős', 7),
	(2277, 'Répáshuta', 5),
	(2278, 'Répcelak', 10),
	(2279, 'Répceszemere', 6),
	(2280, 'Répceszentgyörgy', 10),
	(2281, 'Répcevis', 6),
	(2282, 'Resznek', 15),
	(2283, 'Rétalap', 6),
	(2284, 'Rétközberencs', 13),
	(2285, 'Rétság', 19),
	(2286, 'Révfülöp', 8),
	(2287, 'Révleányvár', 5),
	(2288, 'Rezi', 15),
	(2289, 'Ricse', 5),
	(2290, 'Rigács', 8),
	(2291, 'Rigyác', 15),
	(2292, 'Rimóc', 19),
	(2293, 'Rinyabesenyő', 11),
	(2294, 'Rinyakovácsi', 11),
	(2295, 'Rinyaszentkirály', 11),
	(2296, 'Rinyaújlak', 11),
	(2297, 'Rinyaújnép', 11),
	(2298, 'Rohod', 13),
	(2299, 'Röjtökmuzsaj', 8),
	(2300, 'Románd', 19),
	(2301, 'Romhány', 3),
	(2302, 'Romonya', 3),
	(2303, 'Rönök', 13),
	(2304, 'Röszke', 4),
	(2305, 'Rózsafa', 6),
	(2306, 'Rozsály', 10),
	(2307, 'Rózsaszentmárton', 14),
	(2308, 'Rudabánya', 5),
	(2309, 'Rudolftelep', 5),
	(2310, 'Rum', 10),
	(2311, 'Ruzsa', 14),
	(2312, 'Ságújfalu', 19),
	(2313, 'Ságvár', 11),
	(2314, 'Sajóbábony', 5),
	(2315, 'Sajóecseg', 5),
	(2316, 'Sajógalgóc', 5),
	(2317, 'Sajóhidvég', 5),
	(2318, 'Sajóivánka', 5),
	(2319, 'Sajókápolna', 5),
	(2320, 'Sajókaza', 5),
	(2321, 'Sajókeresztúr', 5),
	(2322, 'Sajólád', 5),
	(2323, 'Sajólászlófalva', 5),
	(2324, 'Sajómercse', 5),
	(2325, 'Sajónémeti', 5),
	(2326, 'Sajóörös', 5),
	(2327, 'Sajópálfala', 5),
	(2328, 'Sajópetri', 5),
	(2329, 'Sajópüspöki', 5),
	(2330, 'Sajósenye', 5),
	(2331, 'Sajószentpéter', 5),
	(2332, 'Sajószöged', 5),
	(2333, 'Sajóvámos', 5),
	(2334, 'Sajóvelezd', 5),
	(2335, 'Sajtoskál', 10),
	(2336, 'Salföld', 8),
	(2337, 'Salgótarján', 19),
	(2338, 'Salköveskút', 10),
	(2339, 'Salomvár', 15),
	(2340, 'Sály', 5),
	(2341, 'Sámod', 3),
	(2342, 'Sámsonháza', 19),
	(2343, 'Sand', 15),
	(2344, 'Sándorfalva', 14),
	(2345, 'Sántos', 11),
	(2346, 'Sáp', 17),
	(2347, 'Sáránd', 17),
	(2348, 'Sárazsadány', 5),
	(2349, 'Sárbogárd', 1),
	(2350, 'Sáregres', 1),
	(2351, 'Sárfimizdó', 10),
	(2352, 'Sárhida', 15),
	(2353, 'Sárisáp', 9),
	(2354, 'Sarkad', 16),
	(2355, 'Sarkadkeresztúr', 16),
	(2356, 'Sárkeresztes', 1),
	(2357, 'Sárkeresztúr', 1),
	(2358, 'Sárkeszi', 1),
	(2359, 'Sármellék', 15),
	(2360, 'Sárok', 3),
	(2361, 'Sárosd', 1),
	(2362, 'Sárospatak', 5),
	(2363, 'Sárpilis', 18),
	(2364, 'Sárrétudvari', 17),
	(2365, 'Sarród', 6),
	(2366, 'Sárszentágota', 1),
	(2367, 'Sárszentlőrinc', 18),
	(2368, 'Sárszentmihály', 1),
	(2369, 'Sarud', 4),
	(2370, 'Sárvár', 10),
	(2371, 'Sásd', 3),
	(2372, 'Sáska', 8),
	(2373, 'Sáta', 5),
	(2374, 'Sátoraljaújhely', 5),
	(2375, 'Sátorhely', 3),
	(2376, 'Sávoly', 11),
	(2377, 'Sé', 10),
	(2378, 'Segesd', 11),
	(2379, 'Sellye', 3),
	(2380, 'Selyeb', 5),
	(2381, 'Semjén', 5),
	(2382, 'Semjénháza', 15),
	(2383, 'Sénye', 15),
	(2384, 'Sényő', 13),
	(2385, 'Seregélyes', 1),
	(2386, 'Serényfalva', 5),
	(2387, 'Sérsekszőlős', 11),
	(2388, 'Sikátor', 8),
	(2389, 'Siklós', 3),
	(2390, 'Siklósbodony', 3),
	(2391, 'Siklósnagyfalu', 3),
	(2392, 'Sima', 5),
	(2393, 'Simaság', 10),
	(2394, 'Simonfa', 11),
	(2395, 'Simontornya', 18),
	(2396, 'Sióagárd', 18),
	(2397, 'Siófok', 11),
	(2398, 'Siójut', 11),
	(2399, 'Sirok', 4),
	(2400, 'Sitke', 10),
	(2401, 'Sobor', 6),
	(2402, 'Söjtör', 6),
	(2403, 'Sokorópátka', 12),
	(2404, 'Solt', 12),
	(2405, 'Soltszentimre', 12),
	(2406, 'Soltvadkert', 8),
	(2407, 'Sóly', 7),
	(2408, 'Solymár', 11),
	(2409, 'Som', 3),
	(2410, 'Somberek', 8),
	(2411, 'Somlójenő', 8),
	(2412, 'Somlószőlős', 8),
	(2413, 'Somlóvásárhely', 8),
	(2414, 'Somlóvecse', 11),
	(2415, 'Somodor', 11),
	(2416, 'Somogyacsa', 3),
	(2417, 'Somogyapáti', 11),
	(2418, 'Somogyaracs', 11),
	(2419, 'Somogyaszaló', 11),
	(2420, 'Somogybabod', 11),
	(2421, 'Somogybükkösd', 11),
	(2422, 'Somogycsicsó', 11),
	(2423, 'Somogydöröcske', 11),
	(2424, 'Somogyegres', 11),
	(2425, 'Somogyfajsz', 11),
	(2426, 'Somogygeszti', 3),
	(2427, 'Somogyhárságy', 3),
	(2428, 'Somogyhatvan', 11),
	(2429, 'Somogyjád', 11),
	(2430, 'Somogymeggyes', 11),
	(2431, 'Somogysámson', 11),
	(2432, 'Somogysárd', 11),
	(2433, 'Somogysimonyi', 11),
	(2434, 'Somogyszentpál', 11),
	(2435, 'Somogyszil', 11),
	(2436, 'Somogyszob', 11),
	(2437, 'Somogytúr', 11),
	(2438, 'Somogyudvarhely', 11),
	(2439, 'Somogyvámos', 11),
	(2440, 'Somogyvár', 3),
	(2441, 'Somogyviszló', 11),
	(2442, 'Somogyzsitfa', 13),
	(2443, 'Sonkád', 1),
	(2444, 'Soponya', 6),
	(2445, 'Sopron', 6),
	(2446, 'Sopronhorpács', 6),
	(2447, 'Sopronkövesd', 6),
	(2448, 'Sopronnémeti', 10),
	(2449, 'Söpte', 10),
	(2450, 'Söréd', 15),
	(2451, 'Sorkifalud', 10),
	(2452, 'Sorkikápolna', 19),
	(2453, 'Sormás', 7),
	(2454, 'Sorokpolány', 5),
	(2455, 'Sóshartyán', 3),
	(2456, 'Sóskút', 10),
	(2457, 'Sóstófalva', 15),
	(2458, 'Sósvertike', 10),
	(2459, 'Sótony', 1),
	(2460, 'Sukoró', 1),
	(2461, 'Sükösd', 3),
	(2462, 'Sülysáp', 15),
	(2463, 'Sümeg', 12),
	(2464, 'Sümegcsehi', 7),
	(2465, 'Sümegprága', 7),
	(2466, 'Sumony', 8),
	(2467, 'Súr', 15),
	(2468, 'Surd', 8),
	(2469, 'Süttő', 9),
	(2470, 'Szabadbattyán', 1),
	(2471, 'Szabadegyháza', 1),
	(2472, 'Szabadhidvég', 1),
	(2473, 'Szabadi', 11),
	(2474, 'Szabadkígyós', 16),
	(2475, 'Szabadszállás', 12),
	(2476, 'Szabadszentkirály', 3),
	(2477, 'Szabás', 11),
	(2478, 'Szabolcs', 13),
	(2479, 'Szabolcsbáka', 13),
	(2480, 'Szabolcsveresmart', 13),
	(2481, 'Szada', 7),
	(2482, 'Szágy', 3),
	(2483, 'Szajk', 3),
	(2484, 'Szajla', 4),
	(2485, 'Szajol', 2),
	(2486, 'Szakácsi', 5),
	(2487, 'Szakadát', 18),
	(2488, 'Szakáld', 5),
	(2489, 'Szakály', 18),
	(2490, 'Szakcs', 18),
	(2491, 'Szakmár', 12),
	(2492, 'Szaknyér', 10),
	(2493, 'Szakoly', 13),
	(2494, 'Szakony', 6),
	(2495, 'Szakonyfalu', 10),
	(2496, 'Szákszend', 9),
	(2497, 'Szalafő', 10),
	(2498, 'Szalánta', 3),
	(2499, 'Szalapa', 15),
	(2500, 'Szalaszend', 5),
	(2501, 'Szalatnak', 3),
	(2502, 'Szálka', 18),
	(2503, 'Szalkszentmárton', 12),
	(2504, 'Szalmatercs', 19),
	(2505, 'Szalonna', 5),
	(2506, 'Szamosangyalos', 13),
	(2507, 'Szamosbecs', 13),
	(2508, 'Szamoskér', 13),
	(2509, 'Szamossályi', 13),
	(2510, 'Szamosszeg', 13),
	(2511, 'Szamostatárfalva', 13),
	(2512, 'Szamosújlak', 13),
	(2513, 'Szanda', 19),
	(2514, 'Szank', 12),
	(2515, 'Szántód', 11),
	(2516, 'Szany', 6),
	(2517, 'Szápár', 8),
	(2518, 'Szaporca', 3),
	(2519, 'Szár', 1),
	(2520, 'Szárász', 3),
	(2521, 'Szárazd', 18),
	(2522, 'Szárföld', 6),
	(2523, 'Szárliget', 9),
	(2524, 'Szarvas', 16),
	(2525, 'Szarvasgede', 19),
	(2526, 'Szarvaskend', 10),
	(2527, 'Szászberek', 2),
	(2528, 'Szászfa', 5),
	(2529, 'Szászvár', 3),
	(2530, 'Szatmárcseke', 13),
	(2531, 'Szátok', 19),
	(2532, 'Szatta', 10),
	(2533, 'Szatymaz', 14),
	(2534, 'Szava', 3),
	(2535, 'Százhalombatta', 7),
	(2536, 'Szebény', 3),
	(2537, 'Szécsénke', 19),
	(2538, 'Szécsény', 19),
	(2539, 'Szécsényfelfalu', 19),
	(2540, 'Szécsisziget', 15),
	(2541, 'Szederkény', 3),
	(2542, 'Szedres', 18),
	(2543, 'Szeged', 14),
	(2544, 'Szegerdő', 11),
	(2545, 'Szeghalom', 16),
	(2546, 'Szegi', 5),
	(2547, 'Szegilong', 5),
	(2548, 'Szegvár', 14),
	(2549, 'Székely', 13),
	(2550, 'Székelyszabar', 3),
	(2551, 'Székesfehérvár', 1),
	(2552, 'Székkutas', 14),
	(2553, 'Szekszárd', 18),
	(2554, 'Szeleste', 10),
	(2555, 'Szelevény', 2),
	(2556, 'Szellő', 3),
	(2557, 'Szemely', 3),
	(2558, 'Szemenye', 10),
	(2559, 'Szemere', 5),
	(2560, 'Szendehely', 19),
	(2561, 'Szendrő', 5),
	(2562, 'Szendrőlád', 5),
	(2563, 'Szenna', 11),
	(2564, 'Szenta', 11),
	(2565, 'Szentantalfa', 8),
	(2566, 'Szentbalázs', 11),
	(2567, 'Szentbékkálla', 8),
	(2568, 'Szentborbás', 11),
	(2569, 'Szentdénes', 3),
	(2570, 'Szentdomonkos', 4),
	(2571, 'Szente', 19),
	(2572, 'Szentegát', 3),
	(2573, 'Szentendre', 7),
	(2574, 'Szentes', 14),
	(2575, 'Szentgál', 8),
	(2576, 'Szentgáloskér', 11),
	(2577, 'Szentgotthárd', 10),
	(2578, 'Szentgyörgyvár', 15),
	(2579, 'Szentgyörgyvölgy', 15),
	(2580, 'Szentimrefalva', 8),
	(2581, 'Szentistván', 5),
	(2582, 'Szentistvánbaksa', 5),
	(2583, 'Szentjakabfa', 8),
	(2584, 'Szentkatalin', 3),
	(2585, 'Szentkirály', 12),
	(2586, 'Szentkirályszabadja', 8),
	(2587, 'Szentkozmadombja', 15),
	(2588, 'Szentlászló', 3),
	(2589, 'Szentliszló', 15),
	(2590, 'Szentlőrinc', 3),
	(2591, 'Szentlőrinckáta', 7),
	(2592, 'Szentmargitfalva', 15),
	(2593, 'Szentmártonkáta', 7),
	(2594, 'Szentpéterfa', 10),
	(2595, 'Szentpéterfölde', 15),
	(2596, 'Szentpéterszeg', 17),
	(2597, 'Szentpéterúr', 15),
	(2598, 'Szenyér', 11),
	(2599, 'Szepetnek', 15),
	(2600, 'Szerecseny', 6),
	(2601, 'Szeremle', 12),
	(2602, 'Szerencs', 5),
	(2603, 'Szerep', 17),
	(2604, 'Szergény', 10),
	(2605, 'Szigetbecse', 7),
	(2606, 'Szigetcsép', 7),
	(2607, 'Szigethalom', 7),
	(2608, 'Szigetmonostor', 7),
	(2609, 'Szigetszentmárton', 7),
	(2610, 'Szigetszentmiklós', 7),
	(2611, 'Szigetújfalu', 7),
	(2612, 'Szigetvár', 3),
	(2613, 'Szigliget', 8),
	(2614, 'Szihalom', 4),
	(2615, 'Szijártóháza', 15),
	(2616, 'Szikszó', 5),
	(2617, 'Szil', 6),
	(2618, 'Szilágy', 3),
	(2619, 'Szilaspogony', 19),
	(2620, 'Szilsárkány', 6),
	(2621, 'Szilvágy', 15),
	(2622, 'Szilvás', 3),
	(2623, 'Szilvásszentmárton', 4),
	(2624, 'Szilvásvárad', 11),
	(2625, 'Szin', 5),
	(2626, 'Szinpetri', 5),
	(2627, 'Szirák', 19),
	(2628, 'Szirmabesenyő', 5),
	(2629, 'Szob', 7),
	(2630, 'Szőc', 7),
	(2631, 'Szőce', 11),
	(2632, 'Sződ', 2),
	(2633, 'Sződliget', 2),
	(2634, 'Szögliget', 10),
	(2635, 'Szőke', 10),
	(2636, 'Szőkéd', 10),
	(2637, 'Szőkedencs', 9),
	(2638, 'Szokolya', 5),
	(2639, 'Szólád', 9),
	(2640, 'Szolnok', 8),
	(2641, 'Szőlősardó', 10),
	(2642, 'Szőlősgyörök', 7),
	(2643, 'Szombathely', 3),
	(2644, 'Szomód', 3),
	(2645, 'Szomolya', 11),
	(2646, 'Szomor', 5),
	(2647, 'Szörény', 11),
	(2648, 'Szorosad', 3),
	(2649, 'Szúcs', 4),
	(2650, 'Szűcsi', 19),
	(2651, 'Szügy', 5),
	(2652, 'Szuha', 5),
	(2653, 'Szuhafő', 5),
	(2654, 'Szuhakálló', 3),
	(2655, 'Szuhogy', 11),
	(2656, 'Szulimán', 19),
	(2657, 'Szulok', 4),
	(2658, 'Szűr', 19),
	(2659, 'Szurdokpüspöki', 3),
	(2660, 'Tab', 11),
	(2661, 'Tabajd', 1),
	(2662, 'Tabdi', 12),
	(2663, 'Táborfalva', 7),
	(2664, 'Tác', 1),
	(2665, 'Tagyon', 8),
	(2666, 'Tahitótfalu', 7),
	(2667, 'Takácsi', 8),
	(2668, 'Tákos', 13),
	(2669, 'Taksony', 7),
	(2670, 'Taktabáj', 5),
	(2671, 'Taktaharkány', 5),
	(2672, 'Taktakenéz', 5),
	(2673, 'Taktaszada', 5),
	(2674, 'Taliándörögd', 8),
	(2675, 'Tállya', 5),
	(2676, 'Tamási', 18),
	(2677, 'Tanakajd', 10),
	(2678, 'Táp', 6),
	(2679, 'Tápióbicske', 7),
	(2680, 'Tápiógyörgye', 7),
	(2681, 'Tápióság', 7),
	(2682, 'Tápiószecső', 7),
	(2683, 'Tápiószele', 7),
	(2684, 'Tápiószentmárton', 7),
	(2685, 'Tápiószőlős', 7),
	(2686, 'Táplánszentkereszt', 10),
	(2687, 'Tapolca', 8),
	(2688, 'Tapsony', 11),
	(2689, 'Tápszentmiklós', 6),
	(2690, 'Tar', 19),
	(2691, 'Tarany', 11),
	(2692, 'Tarcal', 5),
	(2693, 'Tard', 5),
	(2694, 'Tardona', 5),
	(2695, 'Tardos', 9),
	(2696, 'Tarhos', 16),
	(2697, 'Tarján', 9),
	(2698, 'Tarjánpuszta', 6),
	(2699, 'Tárkány', 9),
	(2700, 'Tarnabod', 4),
	(2701, 'Tarnalelesz', 4),
	(2702, 'Tarnaméra', 4),
	(2703, 'Tarnaörs', 4),
	(2704, 'Tarnaszentmária', 4),
	(2705, 'Tarnaszentmiklós', 4),
	(2706, 'Tarnazsadány', 4),
	(2707, 'Tárnok', 7),
	(2708, 'Tárnokréti', 6),
	(2709, 'Tarpa', 13),
	(2710, 'Tarrós', 3),
	(2711, 'Táska', 11),
	(2712, 'Tass', 12),
	(2713, 'Taszár', 11),
	(2714, 'Tát', 9),
	(2715, 'Tata', 9),
	(2716, 'Tatabánya', 9),
	(2717, 'Tataháza', 12),
	(2718, 'Tatárszentgyörgy', 7),
	(2719, 'Tázlár', 12),
	(2720, 'Téglás', 17),
	(2721, 'Tékes', 3),
	(2722, 'Teklafalu', 3),
	(2723, 'Telekes', 10),
	(2724, 'Telekgerendás', 16),
	(2725, 'Teleki', 11),
	(2726, 'Telki', 7),
	(2727, 'Telkibánya', 5),
	(2728, 'Tengelic', 18),
	(2729, 'Tengeri', 3),
	(2730, 'Tengőd', 11),
	(2731, 'Tenk', 4),
	(2732, 'Tényő', 6),
	(2733, 'Tépe', 17),
	(2734, 'Terem', 13),
	(2735, 'Terény', 19),
	(2736, 'Tereske', 19),
	(2737, 'Teresztenye', 5),
	(2738, 'Terpes', 4),
	(2739, 'Tés', 8),
	(2740, 'Tésa', 7),
	(2741, 'Tésenfa', 3),
	(2742, 'Téseny', 3),
	(2743, 'Teskánd', 15),
	(2744, 'Tét', 6),
	(2745, 'Tetétlen', 17),
	(2746, 'Tevel', 18),
	(2747, 'Tibolddaróc', 5),
	(2748, 'Tiborszállás', 13),
	(2749, 'Tihany', 8),
	(2750, 'Tikos', 11),
	(2751, 'Tilaj', 15),
	(2752, 'Timár', 13),
	(2753, 'Tinnye', 7),
	(2754, 'Tiszaadony', 13),
	(2755, 'Tiszaalpár', 12),
	(2756, 'Tiszabábolna', 5),
	(2757, 'Tiszabecs', 13),
	(2758, 'Tiszabercel', 13),
	(2759, 'Tiszabezdéd', 13),
	(2760, 'Tiszabő', 2),
	(2761, 'Tiszabura', 2),
	(2762, 'Tiszacsécse', 13),
	(2763, 'Tiszacsege', 17),
	(2764, 'Tiszacsermely', 5),
	(2765, 'Tiszadada', 13),
	(2766, 'Tiszaderzs', 2),
	(2767, 'Tiszadob', 13),
	(2768, 'Tiszadorogma', 5),
	(2769, 'Tiszaeszlár', 13),
	(2770, 'Tiszaföldvár', 2),
	(2771, 'Tiszafüred', 2),
	(2772, 'Tiszagyenda', 2),
	(2773, 'Tiszagyulaháza', 17),
	(2774, 'Tiszaigar', 2),
	(2775, 'Tiszainoka', 2),
	(2776, 'Tiszajenő', 2),
	(2777, 'Tiszakanyár', 13),
	(2778, 'Tiszakarád', 5),
	(2779, 'Tiszakécske', 12),
	(2780, 'Tiszakerecseny', 13),
	(2781, 'Tiszakeszi', 5),
	(2782, 'Tiszakóród', 13),
	(2783, 'Tiszakürt', 2),
	(2784, 'Tiszaladány', 5),
	(2785, 'Tiszalök', 13),
	(2786, 'Tiszalúc', 5),
	(2787, 'Tiszamogyorós', 13),
	(2788, 'Tiszanagyfalu', 13),
	(2789, 'Tiszanána', 4),
	(2790, 'Tiszaörs', 2),
	(2791, 'Tiszapalkonya', 5),
	(2792, 'Tiszapüspöki', 2),
	(2793, 'Tiszarád', 13),
	(2794, 'Tiszaroff', 2),
	(2795, 'Tiszasas', 2),
	(2796, 'Tiszasüly', 2),
	(2797, 'Tiszaszalka', 13),
	(2798, 'Tiszaszentimre', 2),
	(2799, 'Tiszaszentmárton', 13),
	(2800, 'Tiszasziget', 14),
	(2801, 'Tiszatardos', 5),
	(2802, 'Tiszatarján', 5),
	(2803, 'Tiszatelek', 13),
	(2804, 'Tiszatenyő', 2),
	(2805, 'Tiszaug', 12),
	(2806, 'Tiszaújváros', 5),
	(2807, 'Tiszavalk', 5),
	(2808, 'Tiszavárkony', 2),
	(2809, 'Tiszavasvári', 13),
	(2810, 'Tiszavid', 13),
	(2811, 'Tisztaberek', 13),
	(2812, 'Tivadar', 13),
	(2813, 'Tóalmás', 7),
	(2814, 'Tófalu', 4),
	(2815, 'Tófej', 15),
	(2816, 'Tófű', 3),
	(2817, 'Tök', 5),
	(2818, 'Tokaj', 9),
	(2819, 'Tokod', 9),
	(2820, 'Tokodaltáró', 10),
	(2821, 'Tököl', 5),
	(2822, 'Tokorcs', 17),
	(2823, 'Tolcsva', 19),
	(2824, 'Told', 18),
	(2825, 'Tolmács', 18),
	(2826, 'Tolna', 2),
	(2827, 'Tolnanémedi', 5),
	(2828, 'Töltéstava', 12),
	(2829, 'Tomajmonostora', 10),
	(2830, 'Tomor', 1),
	(2831, 'Tömörd', 15),
	(2832, 'Tömörkény', 3),
	(2833, 'Tompa', 10),
	(2834, 'Tompaládony', 5),
	(2835, 'Tordas', 5),
	(2836, 'Tormafölde', 5),
	(2837, 'Tormás', 5),
	(2838, 'Tormásliget', 5),
	(2839, 'Tornabarakony', 15),
	(2840, 'Tornakápolna', 5),
	(2841, 'Tornanádaska', 13),
	(2842, 'Tornaszentandrás', 10),
	(2843, 'Tornaszentjakab', 11),
	(2844, 'Tornyiszentmiklós', 2),
	(2845, 'Tornyosnémeti', 16),
	(2846, 'Tornyospálca', 3),
	(2847, 'Törökbálint', 15),
	(2848, 'Törökkoppány', 15),
	(2849, 'Törökszentmiklós', 8),
	(2850, 'Torony', 7),
	(2851, 'Törtel', 7),
	(2852, 'Torvaj', 6),
	(2853, 'Tószeg', 10),
	(2854, 'Tótkomlós', 14),
	(2855, 'Tótszentgyörgy', 7),
	(2856, 'Tótszentmárton', 11),
	(2857, 'Tótszerdahely', 2),
	(2858, 'Töttös', 2),
	(2859, 'Tótújfalu', 7),
	(2860, 'Tótvázsony', 3),
	(2861, 'Trizs', 5),
	(2862, 'Tunyogmatolcs', 13),
	(2863, 'Tura', 7),
	(2864, 'Túristvándi', 13),
	(2865, 'Türje', 2),
	(2866, 'Túrkeve', 3),
	(2867, 'Túrony', 13),
	(2868, 'Túrricse', 13),
	(2869, 'Tüskevár', 15),
	(2870, 'Tuzsér', 8),
	(2871, 'Tyukod', 13),
	(2872, 'Udvar', 3),
	(2873, 'Udvari', 18),
	(2874, 'Ugod', 8),
	(2875, 'Újbarok', 1),
	(2876, 'Újcsanálos', 5),
	(2877, 'Újdombrád', 13),
	(2878, 'Újfehértó', 13),
	(2879, 'Újhartyán', 7),
	(2880, 'Újiráz', 17),
	(2881, 'Újireg', 18),
	(2882, 'Újkenéz', 13),
	(2883, 'Újkér', 6),
	(2884, 'Újkígyós', 16),
	(2885, 'Újlengyel', 7),
	(2886, 'Újléta', 17),
	(2887, 'Újlőrincfalva', 4),
	(2888, 'Újpetre', 3),
	(2889, 'Újrónafő', 6),
	(2890, 'Újsolt', 12),
	(2891, 'Újszalonta', 16),
	(2892, 'Újszász', 2),
	(2893, 'Újszentiván', 14),
	(2894, 'Újszentmargita', 17),
	(2895, 'Újszilvás', 7),
	(2896, 'Újtelek', 12),
	(2897, 'Újtikos', 17),
	(2898, 'Újudvar', 15),
	(2899, 'Újvárfalva', 11),
	(2900, 'Ukk', 8),
	(2901, 'Üllés', 6),
	(2902, 'Üllő', 9),
	(2903, 'Und', 5),
	(2904, 'Úny', 13),
	(2905, 'Uppony', 10),
	(2906, 'Ura', 1),
	(2907, 'Uraiújfalu', 7),
	(2908, 'Úrhida', 8),
	(2909, 'Úri', 13),
	(2910, 'Úrkút', 12),
	(2911, 'Üröm', 8),
	(2912, 'Uszka', 14),
	(2913, 'Uszód', 7),
	(2914, 'Uzsa', 7),
	(2915, 'Vác', 7),
	(2916, 'Vácduka', 7),
	(2917, 'Vácegres', 7),
	(2918, 'Váchartyán', 7),
	(2919, 'Váckisújfalu', 7),
	(2920, 'Vácrátót', 7),
	(2921, 'Vácszentlászló', 7),
	(2922, 'Vadna', 5),
	(2923, 'Vadosfa', 6),
	(2924, 'Vág', 6),
	(2925, 'Vágáshuta', 5),
	(2926, 'Vaja', 13),
	(2927, 'Vajdácska', 5),
	(2928, 'Vajszló', 3),
	(2929, 'Vajta', 1),
	(2930, 'Vál', 1),
	(2931, 'Valkó', 7),
	(2932, 'Valkonya', 15),
	(2933, 'Vállaj', 13),
	(2934, 'Vállus', 15),
	(2935, 'Vámosatya', 13),
	(2936, 'Vámoscsalád', 10),
	(2937, 'Vámosgyörk', 4),
	(2938, 'Vámosmikola', 7),
	(2939, 'Vámosoroszi', 13),
	(2940, 'Vámospércs', 17),
	(2941, 'Vámosszabadi', 5),
	(2942, 'Vámosújfalu', 6),
	(2943, 'Váncsod', 17),
	(2944, 'Vanyarc', 19),
	(2945, 'Vanyola', 8),
	(2946, 'Várad', 3),
	(2947, 'Váralja', 18),
	(2948, 'Varászló', 11),
	(2949, 'Váraszó', 4),
	(2950, 'Várbalog', 6),
	(2951, 'Varbó', 5),
	(2952, 'Varbóc', 5),
	(2953, 'Várda', 11),
	(2954, 'Várdomb', 18),
	(2955, 'Várfölde', 15),
	(2956, 'Varga', 3),
	(2957, 'Várgesztes', 9),
	(2958, 'Várkesző', 8),
	(2959, 'Várong', 18),
	(2960, 'Városföld', 12),
	(2961, 'Városlőd', 8),
	(2962, 'Várpalota', 8),
	(2963, 'Varsád', 18),
	(2964, 'Varsány', 19),
	(2965, 'Várvölgy', 15),
	(2966, 'Vasad', 7),
	(2967, 'Vasalja', 10),
	(2968, 'Vásárosbéc', 3),
	(2969, 'Vásárosdombó', 3),
	(2970, 'Vásárosfalu', 6),
	(2971, 'Vásárosmiske', 10),
	(2972, 'Vásárosnamény', 13),
	(2973, 'Vasasszonyfa', 10),
	(2974, 'Vasboldogasszony', 15),
	(2975, 'Vasegerszeg', 10),
	(2976, 'Vashosszúfalu', 10),
	(2977, 'Vaskeresztes', 10),
	(2978, 'Vaskút', 12),
	(2979, 'Vasmegyer', 13),
	(2980, 'Vaspör', 15),
	(2981, 'Vassurány', 10),
	(2982, 'Vászoly', 8),
	(2983, 'Vasszécseny', 10),
	(2984, 'Vasszentmihály', 10),
	(2985, 'Vasszilvágy', 10),
	(2986, 'Vasvár', 10),
	(2987, 'Vaszar', 8),
	(2988, 'Vát', 10),
	(2989, 'Vatta', 5),
	(2990, 'Vázsnok', 3),
	(2991, 'Vécs', 4),
	(2992, 'Vecsés', 7),
	(2993, 'Végegyháza', 16),
	(2994, 'Vejti', 3),
	(2995, 'Vékény', 3),
	(2996, 'Vekerd', 17),
	(2997, 'Velem', 10),
	(2998, 'Velemér', 10),
	(2999, 'Velence', 1),
	(3000, 'Velény', 3),
	(3001, 'Véménd', 3),
	(3002, 'Vének', 6),
	(3003, 'Vép', 10),
	(3004, 'Vereb', 1),
	(3005, 'Veresegyház', 7),
	(3006, 'Verőce', 7),
	(3007, 'Verpelét', 4),
	(3008, 'Verseg', 7),
	(3009, 'Versend', 3),
	(3010, 'Vértesacsa', 1),
	(3011, 'Vértesboglár', 1),
	(3012, 'Vérteskethely', 9),
	(3013, 'Vértessomló', 9),
	(3014, 'Vértestolna', 9),
	(3015, 'Vértesszőlős', 9),
	(3016, 'Vése', 11),
	(3017, 'Veszkény', 6),
	(3018, 'Veszprém', 8),
	(3019, 'Veszprémfajsz', 8),
	(3020, 'Veszprémgalsa', 8),
	(3021, 'Veszprémvarsány', 8),
	(3022, 'Vésztő', 16),
	(3023, 'Vezseny', 2),
	(3024, 'Vid', 8),
	(3025, 'Vigántpetend', 8),
	(3026, 'Villány', 3),
	(3027, 'Villánykövesd', 3),
	(3028, 'Vilmány', 5),
	(3029, 'Vilonya', 8),
	(3030, 'Vilyvitány', 5),
	(3031, 'Vinár', 8),
	(3032, 'Vindornyafok', 15),
	(3033, 'Vindornyalak', 15),
	(3034, 'Vindornyaszőlős', 15),
	(3035, 'Visegrád', 7),
	(3036, 'Visnye', 11),
	(3037, 'Visonta', 4),
	(3038, 'Viss', 5),
	(3039, 'Visz', 11),
	(3040, 'Viszák', 10),
	(3041, 'Viszló', 5),
	(3042, 'Visznek', 4),
	(3043, 'Vitnyéd', 6),
	(3044, 'Vízvár', 11),
	(3045, 'Vizslás', 19),
	(3046, 'Vizsoly', 5),
	(3047, 'Vokány', 3),
	(3048, 'Vonyarcvashegy', 15),
	(3049, 'Vöckönd', 15),
	(3050, 'Völcsej', 6),
	(3051, 'Vönöck', 10),
	(3052, 'Vöröstó', 8),
	(3053, 'Vörs', 11),
	(3054, 'Zabar', 19),
	(3055, 'Zádor', 3),
	(3056, 'Zádorfalva', 5),
	(3057, 'Zagyvarékas', 2),
	(3058, 'Zagyvaszántó', 4),
	(3059, 'Záhony', 13),
	(3060, 'Zajk', 15),
	(3061, 'Zajta', 13),
	(3062, 'Zákány', 11),
	(3063, 'Zákányszék', 14),
	(3064, 'Zala', 11),
	(3065, 'Zalaapáti', 15),
	(3066, 'Zalabaksa', 15),
	(3067, 'Zalabér', 15),
	(3068, 'Zalaboldogfa', 15),
	(3069, 'Zalacsány', 15),
	(3070, 'Zalacséb', 15),
	(3071, 'Zalaegerszeg', 15),
	(3072, 'Zalaerdőd', 8),
	(3073, 'Zalagyömörő', 8),
	(3074, 'Zalahaláp', 8),
	(3075, 'Zalaháshágy', 15),
	(3076, 'Zalaigrice', 15),
	(3077, 'Zalaistvánd', 15),
	(3078, 'Zalakaros', 15),
	(3079, 'Zalakomár', 15),
	(3080, 'Zalaköveskút', 15),
	(3081, 'Zalalövő', 15),
	(3082, 'Zalameggyes', 8),
	(3083, 'Zalamerenye', 15),
	(3084, 'Zalasárszeg', 15),
	(3085, 'Zalaszabar', 15),
	(3086, 'Zalaszántó', 15),
	(3087, 'Zalaszegvár', 8),
	(3088, 'Zalaszentbalázs', 15),
	(3089, 'Zalaszentgrót', 15),
	(3090, 'Zalaszentgyörgy', 15),
	(3091, 'Zalaszentiván', 15),
	(3092, 'Zalaszentjakab', 15),
	(3093, 'Zalaszentlászló', 15),
	(3094, 'Zalaszentlőrinc', 15),
	(3095, 'Zalaszentmárton', 15),
	(3096, 'Zalaszentmihály', 15),
	(3097, 'Zalaszombatfa', 15),
	(3098, 'Zaláta', 3),
	(3099, 'Zalatárnok', 15),
	(3100, 'Zalaújlak', 15),
	(3101, 'Zalavár', 15),
	(3102, 'Zalavég', 15),
	(3103, 'Zalkod', 5),
	(3104, 'Zamárdi', 11),
	(3105, 'Zámoly', 1),
	(3106, 'Zánka', 8),
	(3107, 'Zaránk', 4),
	(3108, 'Závod', 18),
	(3109, 'Zebecke', 15),
	(3110, 'Zebegény', 7),
	(3111, 'Zemplénagárd', 5),
	(3112, 'Zengővárkony', 3),
	(3113, 'Zichyújfalu', 1),
	(3114, 'Zics', 11),
	(3115, 'Ziliz', 5),
	(3116, 'Zimány', 11),
	(3117, 'Zirc', 8),
	(3118, 'Zók', 3),
	(3119, 'Zomba', 18),
	(3120, 'Zsadány', 16),
	(3121, 'Zsáka', 17),
	(3122, 'Zsámbék', 7),
	(3123, 'Zsámbok', 7),
	(3124, 'Zsana', 12),
	(3125, 'Zsarolyán', 13),
	(3126, 'Zsebeháza', 6),
	(3127, 'Zsédeny', 10),
	(3128, 'Zselickisfalud', 11),
	(3129, 'Zselickislak', 11),
	(3130, 'Zselicszentpál', 11),
	(3131, 'Zsennye', 10),
	(3132, 'Zsira', 6),
	(3133, 'Zsombó', 14),
	(3134, 'Zsujta', 5),
	(3135, 'Zsurk', 13),
	(3136, 'Zubogy', 5);

-- Dumping structure for table laravel-zip-api.counties
DROP TABLE IF EXISTS `counties`;
CREATE TABLE IF NOT EXISTS `counties` (
  `id` bigint(20) unsigned NOT NULL AUTO_INCREMENT,
  `name` varchar(25) NOT NULL,
  PRIMARY KEY (`id`)
) ENGINE=InnoDB AUTO_INCREMENT=20 DEFAULT CHARSET=utf8mb4 COLLATE=utf8mb4_unicode_ci;

-- Dumping data for table laravel-zip-api.counties: ~19 rows (approximately)
INSERT INTO `counties` (`id`, `name`) VALUES
	(1, 'Fejér'),
	(2, 'Jász-Nagykun-Szolnok'),
	(3, 'Baranya'),
	(4, 'Heves'),
	(5, 'Borsod-Abaúj-Zemplén'),
	(6, 'Győr-Moson-Sopron'),
	(7, 'Pest'),
	(8, 'Veszprém'),
	(9, 'Komárom-Esztergom'),
	(10, 'Vas'),
	(11, 'Somogy'),
	(12, 'Bács-Kiskun'),
	(13, 'Szabolcs-Szatmár-Bereg'),
	(14, 'Csongrád'),
	(15, 'Zala'),
	(16, 'Békés'),
	(17, 'Hajdú-Bihar'),
	(18, 'Tolna'),
	(19, 'Nógrád');

-- Dumping structure for table laravel-zip-api.failed_jobs
DROP TABLE IF EXISTS `failed_jobs`;
CREATE TABLE IF NOT EXISTS `failed_jobs` (
  `id` bigint(20) unsigned NOT NULL AUTO_INCREMENT,
  `uuid` varchar(255) NOT NULL,
  `connection` text NOT NULL,
  `queue` text NOT NULL,
  `payload` longtext NOT NULL,
  `exception` longtext NOT NULL,
  `failed_at` timestamp NOT NULL DEFAULT current_timestamp(),
  PRIMARY KEY (`id`),
  UNIQUE KEY `failed_jobs_uuid_unique` (`uuid`)
) ENGINE=InnoDB DEFAULT CHARSET=utf8mb4 COLLATE=utf8mb4_unicode_ci;

-- Dumping data for table laravel-zip-api.failed_jobs: ~0 rows (approximately)

-- Dumping structure for table laravel-zip-api.jobs
DROP TABLE IF EXISTS `jobs`;
CREATE TABLE IF NOT EXISTS `jobs` (
  `id` bigint(20) unsigned NOT NULL AUTO_INCREMENT,
  `queue` varchar(255) NOT NULL,
  `payload` longtext NOT NULL,
  `attempts` tinyint(3) unsigned NOT NULL,
  `reserved_at` int(10) unsigned DEFAULT NULL,
  `available_at` int(10) unsigned NOT NULL,
  `created_at` int(10) unsigned NOT NULL,
  PRIMARY KEY (`id`),
  KEY `jobs_queue_index` (`queue`)
) ENGINE=InnoDB DEFAULT CHARSET=utf8mb4 COLLATE=utf8mb4_unicode_ci;

-- Dumping data for table laravel-zip-api.jobs: ~0 rows (approximately)

-- Dumping structure for table laravel-zip-api.job_batches
DROP TABLE IF EXISTS `job_batches`;
CREATE TABLE IF NOT EXISTS `job_batches` (
  `id` varchar(255) NOT NULL,
  `name` varchar(255) NOT NULL,
  `total_jobs` int(11) NOT NULL,
  `pending_jobs` int(11) NOT NULL,
  `failed_jobs` int(11) NOT NULL,
  `failed_job_ids` longtext NOT NULL,
  `options` mediumtext DEFAULT NULL,
  `cancelled_at` int(11) DEFAULT NULL,
  `created_at` int(11) NOT NULL,
  `finished_at` int(11) DEFAULT NULL,
  PRIMARY KEY (`id`)
) ENGINE=InnoDB DEFAULT CHARSET=utf8mb4 COLLATE=utf8mb4_unicode_ci;

-- Dumping data for table laravel-zip-api.job_batches: ~0 rows (approximately)

-- Dumping structure for table laravel-zip-api.migrations
DROP TABLE IF EXISTS `migrations`;
CREATE TABLE IF NOT EXISTS `migrations` (
  `id` int(10) unsigned NOT NULL AUTO_INCREMENT,
  `migration` varchar(255) NOT NULL,
  `batch` int(11) NOT NULL,
  PRIMARY KEY (`id`)
) ENGINE=InnoDB AUTO_INCREMENT=8 DEFAULT CHARSET=utf8mb4 COLLATE=utf8mb4_unicode_ci;

-- Dumping data for table laravel-zip-api.migrations: ~7 rows (approximately)
INSERT INTO `migrations` (`id`, `migration`, `batch`) VALUES
	(1, '0001_01_01_000000_create_users_table', 1),
	(2, '0001_01_01_000001_create_cache_table', 1),
	(3, '0001_01_01_000002_create_jobs_table', 1),
	(4, '2025_09_29_062324_create_personal_access_tokens_table', 1),
	(5, '2025_09_29_064514_create_counties_table', 1),
	(6, '2025_09_29_065303_create_cities_table', 1),
	(7, '2025_09_29_070719_create_postal_codes_table', 1);

-- Dumping structure for table laravel-zip-api.password_reset_tokens
DROP TABLE IF EXISTS `password_reset_tokens`;
CREATE TABLE IF NOT EXISTS `password_reset_tokens` (
  `email` varchar(255) NOT NULL,
  `token` varchar(255) NOT NULL,
  `created_at` timestamp NULL DEFAULT NULL,
  PRIMARY KEY (`email`)
) ENGINE=InnoDB DEFAULT CHARSET=utf8mb4 COLLATE=utf8mb4_unicode_ci;

-- Dumping data for table laravel-zip-api.password_reset_tokens: ~0 rows (approximately)

-- Dumping structure for table laravel-zip-api.personal_access_tokens
DROP TABLE IF EXISTS `personal_access_tokens`;
CREATE TABLE IF NOT EXISTS `personal_access_tokens` (
  `id` bigint(20) unsigned NOT NULL AUTO_INCREMENT,
  `tokenable_type` varchar(255) NOT NULL,
  `tokenable_id` bigint(20) unsigned NOT NULL,
  `name` text NOT NULL,
  `token` varchar(64) NOT NULL,
  `abilities` text DEFAULT NULL,
  `last_used_at` timestamp NULL DEFAULT NULL,
  `expires_at` timestamp NULL DEFAULT NULL,
  `created_at` timestamp NULL DEFAULT NULL,
  `updated_at` timestamp NULL DEFAULT NULL,
  PRIMARY KEY (`id`),
  UNIQUE KEY `personal_access_tokens_token_unique` (`token`),
  KEY `personal_access_tokens_tokenable_type_tokenable_id_index` (`tokenable_type`,`tokenable_id`),
  KEY `personal_access_tokens_expires_at_index` (`expires_at`)
) ENGINE=InnoDB DEFAULT CHARSET=utf8mb4 COLLATE=utf8mb4_unicode_ci;

-- Dumping data for table laravel-zip-api.personal_access_tokens: ~1 rows (approximately)

-- Dumping structure for table laravel-zip-api.postal_codes
DROP TABLE IF EXISTS `postal_codes`;
CREATE TABLE IF NOT EXISTS `postal_codes` (
  `id` bigint(20) unsigned NOT NULL AUTO_INCREMENT,
  `postal_code` int(11) NOT NULL,
  `city_id` bigint(20) unsigned NOT NULL,
  PRIMARY KEY (`id`),
  KEY `postal_codes_city_id_foreign` (`city_id`),
  CONSTRAINT `postal_codes_city_id_foreign` FOREIGN KEY (`city_id`) REFERENCES `cities` (`id`) ON DELETE CASCADE
) ENGINE=InnoDB AUTO_INCREMENT=3575 DEFAULT CHARSET=utf8mb4 COLLATE=utf8mb4_unicode_ci;

-- Dumping data for table laravel-zip-api.postal_codes: ~3,574 rows (approximately)
INSERT INTO `postal_codes` (`id`, `postal_code`, `city_id`) VALUES
	(1, 8128, 1),
	(2, 8127, 1),
	(3, 5241, 2),
	(4, 7678, 3),
	(5, 3261, 4),
	(6, 3882, 5),
	(7, 3882, 6),
	(8, 3815, 7),
	(9, 3881, 8),
	(10, 3809, 9),
	(11, 3898, 10),
	(12, 9151, 11),
	(13, 3753, 12),
	(14, 2740, 13),
	(15, 8256, 14),
	(16, 2941, 15),
	(17, 2683, 16),
	(18, 9746, 17),
	(19, 9168, 18),
	(20, 2887, 19),
	(21, 3292, 20),
	(22, 8653, 21),
	(23, 8561, 22),
	(24, 2457, 23),
	(25, 8497, 24),
	(26, 7841, 25),
	(27, 7381, 26),
	(28, 6076, 27),
	(29, 9423, 28),
	(30, 3759, 29),
	(31, 9441, 30),
	(32, 4524, 31),
	(33, 8447, 32),
	(34, 8448, 32),
	(35, 8451, 32),
	(36, 8400, 32),
	(37, 2862, 33),
	(38, 6221, 34),
	(39, 3779, 35),
	(40, 7011, 36),
	(41, 5142, 37),
	(42, 2730, 38),
	(43, 8087, 39),
	(44, 3353, 40),
	(45, 6750, 41),
	(46, 8921, 42),
	(47, 7934, 43),
	(48, 2931, 44),
	(49, 8935, 45),
	(50, 5747, 46),
	(51, 7932, 47),
	(52, 4285, 48),
	(53, 3985, 49),
	(54, 7443, 50),
	(55, 3717, 51),
	(56, 3837, 52),
	(57, 7345, 53),
	(58, 7147, 54),
	(59, 2351, 55),
	(60, 8924, 56),
	(61, 7148, 57),
	(62, 8226, 58),
	(63, 8394, 59),
	(64, 2617, 60),
	(65, 8767, 61),
	(66, 3989, 62),
	(67, 8973, 63),
	(68, 7012, 64),
	(69, 7826, 65),
	(70, 9983, 66),
	(71, 3726, 67),
	(72, 3735, 68),
	(73, 3069, 69),
	(74, 9842, 70),
	(75, 3811, 71),
	(76, 3571, 72),
	(77, 6916, 73),
	(78, 4546, 74),
	(79, 8675, 75),
	(80, 3399, 76),
	(81, 9811, 77),
	(82, 2529, 78),
	(83, 8477, 79),
	(84, 4553, 80),
	(85, 2345, 81),
	(86, 7186, 82),
	(87, 6931, 83),
	(88, 9982, 84),
	(89, 7720, 85),
	(90, 3032, 86),
	(91, 2338, 87),
	(92, 6088, 88),
	(93, 4634, 89),
	(94, 7671, 90),
	(95, 3885, 91),
	(96, 3663, 92),
	(97, 3713, 93),
	(98, 3467, 94),
	(99, 6623, 95),
	(100, 9132, 96),
	(101, 4115, 97),
	(102, 6783, 98),
	(103, 9177, 99),
	(104, 3841, 100),
	(105, 2170, 101),
	(106, 8241, 102),
	(107, 7763, 103),
	(108, 3371, 104),
	(109, 3213, 105),
	(110, 7252, 106),
	(111, 7757, 107),
	(112, 7814, 108),
	(113, 7584, 109),
	(114, 2943, 110),
	(115, 8658, 111),
	(116, 8983, 112),
	(117, 9351, 113),
	(118, 6430, 114),
	(119, 6453, 115),
	(120, 6454, 116),
	(121, 6511, 117),
	(122, 6425, 118),
	(123, 8261, 119),
	(124, 8257, 119),
	(125, 8258, 119),
	(126, 8262, 120),
	(127, 8263, 120),
	(128, 2191, 121),
	(129, 4286, 122),
	(130, 8977, 123),
	(131, 8992, 124),
	(132, 9145, 125),
	(133, 2836, 126),
	(134, 6503, 127),
	(135, 6500, 127),
	(136, 9944, 128),
	(137, 2525, 129),
	(138, 2533, 130),
	(139, 8945, 131),
	(140, 7585, 132),
	(141, 7393, 133),
	(142, 4164, 134),
	(143, 7675, 135),
	(144, 2885, 136),
	(145, 8427, 137),
	(146, 8056, 138),
	(147, 8433, 139),
	(148, 8581, 140),
	(149, 8571, 141),
	(150, 8045, 142),
	(151, 8422, 143),
	(152, 8418, 144),
	(153, 9088, 145),
	(154, 8457, 146),
	(155, 8557, 147),
	(156, 2861, 148),
	(157, 8557, 149),
	(158, 8430, 150),
	(159, 8431, 151),
	(160, 2884, 152),
	(161, 8572, 153),
	(162, 8555, 154),
	(163, 6768, 155),
	(164, 7834, 156),
	(165, 3836, 157),
	(166, 4561, 158),
	(167, 8946, 159),
	(168, 3780, 160),
	(169, 2660, 161),
	(170, 6764, 162),
	(171, 3347, 163),
	(172, 8243, 164),
	(173, 8220, 165),
	(174, 8649, 166),
	(175, 8691, 167),
	(176, 8630, 167),
	(177, 8272, 168),
	(178, 8312, 169),
	(179, 8613, 170),
	(180, 8646, 171),
	(181, 8164, 172),
	(182, 8623, 173),
	(183, 8236, 174),
	(184, 8230, 174),
	(185, 8184, 175),
	(186, 8175, 175),
	(187, 8313, 176),
	(188, 8275, 177),
	(189, 8172, 178),
	(190, 8174, 178),
	(191, 8648, 179),
	(192, 8638, 180),
	(193, 8753, 181),
	(194, 8647, 182),
	(195, 8637, 183),
	(196, 8255, 184),
	(197, 8651, 185),
	(198, 8624, 186),
	(199, 8636, 187),
	(200, 8710, 188),
	(201, 8252, 189),
	(202, 8233, 190),
	(203, 8242, 191),
	(204, 8712, 192),
	(205, 8171, 193),
	(206, 8054, 194),
	(207, 8055, 194),
	(208, 4233, 195),
	(209, 6035, 196),
	(210, 4060, 197),
	(211, 9771, 198),
	(212, 6412, 199),
	(213, 4468, 200),
	(214, 8614, 201),
	(215, 2944, 202),
	(216, 8443, 203),
	(217, 7914, 204),
	(218, 3642, 205),
	(219, 2653, 206),
	(220, 8891, 207),
	(221, 3654, 208),
	(222, 7711, 209),
	(223, 4937, 210),
	(224, 2427, 211),
	(225, 2426, 211),
	(226, 2471, 212),
	(227, 4161, 213),
	(228, 7841, 214),
	(229, 7384, 215),
	(230, 7383, 216),
	(231, 9169, 217),
	(232, 7557, 218),
	(233, 7570, 218),
	(234, 7478, 219),
	(235, 8948, 220),
	(236, 3126, 221),
	(237, 8291, 222),
	(238, 2883, 223),
	(239, 7923, 224),
	(240, 3881, 225),
	(241, 7149, 226),
	(242, 7164, 227),
	(243, 7140, 228),
	(244, 7258, 229),
	(245, 6528, 230),
	(246, 3078, 231),
	(247, 3070, 231),
	(248, 3151, 231),
	(249, 3336, 232),
	(250, 4343, 233),
	(251, 5830, 234),
	(252, 6351, 235),
	(253, 8797, 236),
	(254, 8887, 237),
	(255, 8352, 238),
	(256, 8565, 239),
	(257, 8866, 240),
	(258, 2693, 241),
	(259, 3768, 242),
	(260, 8985, 243),
	(261, 8666, 244),
	(262, 4128, 245),
	(263, 9683, 246),
	(264, 8515, 247),
	(265, 3903, 248),
	(266, 5630, 249),
	(267, 5623, 250),
	(268, 5671, 250),
	(269, 5600, 250),
	(270, 5946, 251),
	(271, 5561, 252),
	(272, 3343, 253),
	(273, 3346, 254),
	(274, 7589, 255),
	(275, 7061, 256),
	(276, 9343, 257),
	(277, 7543, 258),
	(278, 8855, 259),
	(279, 5643, 260),
	(280, 2455, 261),
	(281, 8978, 262),
	(282, 7747, 263),
	(283, 4643, 264),
	(284, 2216, 265),
	(285, 3045, 266),
	(286, 9831, 267),
	(287, 2687, 268),
	(288, 4934, 269),
	(289, 4933, 270),
	(290, 4116, 271),
	(291, 5309, 272),
	(292, 7827, 273),
	(293, 3704, 274),
	(294, 3834, 275),
	(295, 4103, 276),
	(296, 4100, 276),
	(297, 8182, 277),
	(298, 8181, 277),
	(299, 2641, 278),
	(300, 7664, 279),
	(301, 4521, 280),
	(302, 2639, 281),
	(303, 3575, 282),
	(304, 7516, 283),
	(305, 7838, 284),
	(306, 4557, 285),
	(307, 3373, 286),
	(308, 5071, 287),
	(309, 2456, 288),
	(310, 4488, 289),
	(311, 7782, 290),
	(312, 9223, 291),
	(313, 8934, 292),
	(314, 9162, 293),
	(315, 2051, 294),
	(316, 7671, 295),
	(317, 2060, 296),
	(318, 4175, 297),
	(319, 4110, 298),
	(320, 4172, 299),
	(321, 4174, 300),
	(322, 5538, 301),
	(323, 7043, 302),
	(324, 7346, 303),
	(325, 4235, 304),
	(326, 7747, 305),
	(327, 7811, 306),
	(328, 9625, 307),
	(329, 9542, 308),
	(330, 8943, 309),
	(331, 3368, 310),
	(332, 3574, 311),
	(333, 6235, 312),
	(334, 8776, 313),
	(335, 4241, 314),
	(336, 7672, 315),
	(337, 8053, 316),
	(338, 8991, 317),
	(339, 8969, 318),
	(340, 8085, 319),
	(341, 7394, 320),
	(342, 9134, 321),
	(343, 3243, 322),
	(344, 8471, 323),
	(345, 7439, 324),
	(346, 3987, 325),
	(347, 3916, 326),
	(348, 3917, 327),
	(349, 3943, 328),
	(350, 3768, 329),
	(351, 3764, 330),
	(352, 3763, 331),
	(353, 3412, 332),
	(354, 7742, 333),
	(355, 7836, 334),
	(356, 7966, 335),
	(357, 9612, 336),
	(358, 9675, 337),
	(359, 7132, 338),
	(360, 9324, 339),
	(361, 8719, 340),
	(362, 4114, 341),
	(363, 8741, 342),
	(364, 2855, 343),
	(365, 4231, 344),
	(366, 3066, 345),
	(367, 7025, 346),
	(368, 3016, 347),
	(369, 7937, 348),
	(370, 3884, 349),
	(371, 3885, 350),
	(372, 3794, 351),
	(373, 7517, 352),
	(374, 7586, 353),
	(375, 7754, 354),
	(376, 8992, 355),
	(377, 7281, 356),
	(378, 9073, 357),
	(379, 7187, 358),
	(380, 7150, 358),
	(381, 7158, 359),
	(382, 9152, 360),
	(383, 6795, 361),
	(384, 9554, 362),
	(385, 7756, 363),
	(386, 6445, 364),
	(387, 8885, 365),
	(388, 3658, 366),
	(389, 3426, 367),
	(390, 3462, 368),
	(391, 3672, 369),
	(392, 3671, 369),
	(393, 3623, 370),
	(394, 3796, 371),
	(395, 2644, 372),
	(396, 8479, 373),
	(397, 8428, 374),
	(398, 8772, 375),
	(399, 9167, 376),
	(400, 7811, 377),
	(401, 7475, 378),
	(402, 4955, 379),
	(403, 7900, 380),
	(404, 9727, 381),
	(405, 3994, 382),
	(406, 9752, 383),
	(407, 5527, 384),
	(408, 9792, 385),
	(409, 8925, 386),
	(410, 8893, 387),
	(411, 2093, 388),
	(412, 2011, 389),
	(413, 2092, 390),
	(414, 2040, 391),
	(415, 1069, 392),
	(416, 1011, 392),
	(417, 1012, 392),
	(418, 1013, 392),
	(419, 1014, 392),
	(420, 1015, 392),
	(421, 1016, 392),
	(422, 1021, 392),
	(423, 1022, 392),
	(424, 1023, 392),
	(425, 1024, 392),
	(426, 1025, 392),
	(427, 1026, 392),
	(428, 1027, 392),
	(429, 1028, 392),
	(430, 1029, 392),
	(431, 1031, 392),
	(432, 1032, 392),
	(433, 1033, 392),
	(434, 1034, 392),
	(435, 1035, 392),
	(436, 1036, 392),
	(437, 1037, 392),
	(438, 1038, 392),
	(439, 1039, 392),
	(440, 1041, 392),
	(441, 1042, 392),
	(442, 1043, 392),
	(443, 1044, 392),
	(444, 1045, 392),
	(445, 1046, 392),
	(446, 1047, 392),
	(447, 1048, 392),
	(448, 1051, 392),
	(449, 1052, 392),
	(450, 1053, 392),
	(451, 1054, 392),
	(452, 1055, 392),
	(453, 1056, 392),
	(454, 1061, 392),
	(455, 1062, 392),
	(456, 1063, 392),
	(457, 1064, 392),
	(458, 1065, 392),
	(459, 1066, 392),
	(460, 1067, 392),
	(461, 1068, 392),
	(462, 1071, 392),
	(463, 1072, 392),
	(464, 1073, 392),
	(465, 1074, 392),
	(466, 1075, 392),
	(467, 1076, 392),
	(468, 1077, 392),
	(469, 1078, 392),
	(470, 1081, 392),
	(471, 1082, 392),
	(472, 1083, 392),
	(473, 1084, 392),
	(474, 1085, 392),
	(475, 1086, 392),
	(476, 1087, 392),
	(477, 1088, 392),
	(478, 1089, 392),
	(479, 1091, 392),
	(480, 1092, 392),
	(481, 1093, 392),
	(482, 1094, 392),
	(483, 1095, 392),
	(484, 1096, 392),
	(485, 1097, 392),
	(486, 1098, 392),
	(487, 1101, 392),
	(488, 1102, 392),
	(489, 1103, 392),
	(490, 1104, 392),
	(491, 1105, 392),
	(492, 1106, 392),
	(493, 1107, 392),
	(494, 1108, 392),
	(495, 1111, 392),
	(496, 1112, 392),
	(497, 1113, 392),
	(498, 1114, 392),
	(499, 1115, 392),
	(500, 1116, 392),
	(501, 1117, 392),
	(502, 1118, 392),
	(503, 1119, 392),
	(504, 1121, 392),
	(505, 1122, 392),
	(506, 1123, 392),
	(507, 1124, 392),
	(508, 1125, 392),
	(509, 1126, 392),
	(510, 1131, 392),
	(511, 1132, 392),
	(512, 1133, 392),
	(513, 1134, 392),
	(514, 1135, 392),
	(515, 1136, 392),
	(516, 1137, 392),
	(517, 1138, 392),
	(518, 1139, 392),
	(519, 1141, 392),
	(520, 1142, 392),
	(521, 1143, 392),
	(522, 1144, 392),
	(523, 1145, 392),
	(524, 1146, 392),
	(525, 1147, 392),
	(526, 1148, 392),
	(527, 1149, 392),
	(528, 1151, 392),
	(529, 1152, 392),
	(530, 1153, 392),
	(531, 1154, 392),
	(532, 1155, 392),
	(533, 1156, 392),
	(534, 1157, 392),
	(535, 1158, 392),
	(536, 1161, 392),
	(537, 1162, 392),
	(538, 1163, 392),
	(539, 1164, 392),
	(540, 1165, 392),
	(541, 1171, 392),
	(542, 1172, 392),
	(543, 1173, 392),
	(544, 1174, 392),
	(545, 1181, 392),
	(546, 1182, 392),
	(547, 1183, 392),
	(548, 1184, 392),
	(549, 1185, 392),
	(550, 1186, 392),
	(551, 1188, 392),
	(552, 1191, 392),
	(553, 1192, 392),
	(554, 1193, 392),
	(555, 1194, 392),
	(556, 1195, 392),
	(557, 1196, 392),
	(558, 1201, 392),
	(559, 1202, 392),
	(560, 1203, 392),
	(561, 1204, 392),
	(562, 1205, 392),
	(563, 1211, 392),
	(564, 1212, 392),
	(565, 1213, 392),
	(566, 1214, 392),
	(567, 1215, 392),
	(568, 1221, 392),
	(569, 1222, 392),
	(570, 1223, 392),
	(571, 1224, 392),
	(572, 1225, 392),
	(573, 1237, 392),
	(574, 1238, 392),
	(575, 1239, 392),
	(576, 1529, 392),
	(577, 6114, 393),
	(578, 6114, 394),
	(579, 2347, 395),
	(580, 4483, 396),
	(581, 3047, 397),
	(582, 9740, 398),
	(583, 9737, 398),
	(584, 3422, 399),
	(585, 3554, 400),
	(586, 3648, 401),
	(587, 7682, 402),
	(588, 3335, 403),
	(589, 3257, 404),
	(590, 3557, 405),
	(591, 3346, 406),
	(592, 3414, 407),
	(593, 7973, 408),
	(594, 7273, 409),
	(595, 3821, 410),
	(596, 8695, 411),
	(597, 9725, 412),
	(598, 9165, 413),
	(599, 7013, 414),
	(600, 4732, 415),
	(601, 2738, 416),
	(602, 2700, 416),
	(603, 2737, 417),
	(604, 9541, 418),
	(605, 9500, 418),
	(606, 3123, 419),
	(607, 9624, 420),
	(608, 5462, 421),
	(609, 3973, 422),
	(610, 7161, 423),
	(611, 9364, 424),
	(612, 5551, 425),
	(613, 5609, 426),
	(614, 2064, 427),
	(615, 8474, 428),
	(616, 9375, 429),
	(617, 4967, 430),
	(618, 8163, 431),
	(619, 8735, 432),
	(620, 9919, 433),
	(621, 8073, 434),
	(622, 8083, 435),
	(623, 6915, 436),
	(624, 5662, 437),
	(625, 6913, 438),
	(626, 9654, 439),
	(627, 3015, 440),
	(628, 7964, 441),
	(629, 6647, 442),
	(630, 8756, 443),
	(631, 9372, 444),
	(632, 5621, 445),
	(633, 7811, 446),
	(634, 4844, 447),
	(635, 2858, 448),
	(636, 6239, 449),
	(637, 4973, 450),
	(638, 6523, 451),
	(639, 8943, 452),
	(640, 5064, 453),
	(641, 2888, 454),
	(642, 6448, 455),
	(643, 7935, 456),
	(644, 3052, 457),
	(645, 4742, 458),
	(646, 8445, 459),
	(647, 9833, 460),
	(648, 9834, 461),
	(649, 2949, 462),
	(650, 2713, 463),
	(651, 9764, 464),
	(652, 6765, 465),
	(653, 4765, 466),
	(654, 4743, 467),
	(655, 4764, 468),
	(656, 6222, 469),
	(657, 9611, 470),
	(658, 3837, 471),
	(659, 2946, 472),
	(660, 5475, 473),
	(661, 9735, 474),
	(662, 9375, 475),
	(663, 7683, 476),
	(664, 7472, 477),
	(665, 3413, 478),
	(666, 3417, 479),
	(667, 2694, 480),
	(668, 2676, 481),
	(669, 3066, 482),
	(670, 5465, 483),
	(671, 7673, 484),
	(672, 3648, 485),
	(673, 8372, 486),
	(674, 8951, 487),
	(675, 7900, 488),
	(676, 8419, 489),
	(677, 8973, 490),
	(678, 2678, 491),
	(679, 8417, 492),
	(680, 2212, 493),
	(681, 7225, 494),
	(682, 6424, 495),
	(683, 7341, 496),
	(684, 9127, 497),
	(685, 3442, 498),
	(686, 9836, 499),
	(687, 2673, 500),
	(688, 3848, 501),
	(689, 3927, 502),
	(690, 2014, 503),
	(691, 8999, 504),
	(692, 8495, 505),
	(693, 8074, 506),
	(694, 4145, 507),
	(695, 7526, 508),
	(696, 7555, 509),
	(697, 3647, 510),
	(698, 2521, 511),
	(699, 6135, 512),
	(700, 7253, 513),
	(701, 2161, 514),
	(702, 7432, 515),
	(703, 8700, 516),
	(704, 8957, 517),
	(705, 2141, 518),
	(706, 9513, 519),
	(707, 6648, 520),
	(708, 6640, 520),
	(709, 8918, 521),
	(710, 7940, 522),
	(711, 8229, 523),
	(712, 8041, 524),
	(713, 9300, 525),
	(714, 8873, 526),
	(715, 9962, 527),
	(716, 5920, 528),
	(717, 8122, 529),
	(718, 8558, 530),
	(719, 2615, 531),
	(720, 8840, 532),
	(721, 8840, 533),
	(722, 7843, 534),
	(723, 2373, 535),
	(724, 2371, 535),
	(725, 2370, 535),
	(726, 8345, 536),
	(727, 8485, 537),
	(728, 2854, 538),
	(729, 2522, 539),
	(730, 8592, 540),
	(731, 7211, 541),
	(732, 3780, 542),
	(733, 3978, 543),
	(734, 2735, 544),
	(735, 2118, 545),
	(736, 9917, 546),
	(737, 7988, 547),
	(738, 4737, 548),
	(739, 9232, 549),
	(740, 4144, 550),
	(741, 6524, 551),
	(742, 2694, 552),
	(743, 4079, 553),
	(744, 4078, 553),
	(745, 4225, 553),
	(746, 4063, 553),
	(747, 4000, 553),
	(748, 4002, 553),
	(749, 4024, 553),
	(750, 4025, 553),
	(751, 4026, 553),
	(752, 4027, 553),
	(753, 4028, 553),
	(754, 4029, 553),
	(755, 4030, 553),
	(756, 4031, 553),
	(757, 4032, 553),
	(758, 4033, 553),
	(759, 4034, 553),
	(760, 3825, 554),
	(761, 7144, 555),
	(762, 3643, 556),
	(763, 8135, 557),
	(764, 2649, 558),
	(765, 2337, 559),
	(766, 4516, 560),
	(767, 3395, 561),
	(768, 7915, 562),
	(769, 9365, 563),
	(770, 4130, 564),
	(771, 6621, 565),
	(772, 6772, 566),
	(773, 3834, 567),
	(774, 3275, 568),
	(775, 5510, 569),
	(776, 8460, 570),
	(777, 7683, 571),
	(778, 7072, 572),
	(779, 2049, 573),
	(780, 2643, 574),
	(781, 8764, 575),
	(782, 7817, 576),
	(783, 8482, 577),
	(784, 9914, 578),
	(785, 5624, 579),
	(786, 8874, 580),
	(787, 8357, 581),
	(788, 7228, 582),
	(789, 8989, 583),
	(790, 8597, 584),
	(791, 6766, 585),
	(792, 4495, 586),
	(793, 3627, 587),
	(794, 6781, 588),
	(795, 5836, 589),
	(796, 5745, 590),
	(797, 7200, 591),
	(798, 4492, 592),
	(799, 2182, 593),
	(800, 2027, 594),
	(801, 3263, 595),
	(802, 2344, 596),
	(803, 9147, 597),
	(804, 8244, 598),
	(805, 3374, 599),
	(806, 2510, 600),
	(807, 3153, 601),
	(808, 9913, 602),
	(809, 8799, 603),
	(810, 3721, 604),
	(811, 9791, 605),
	(812, 6342, 606),
	(813, 7849, 607),
	(814, 7846, 608),
	(815, 7967, 609),
	(816, 7977, 610),
	(817, 7960, 611),
	(818, 7967, 612),
	(819, 7850, 613),
	(820, 7843, 614),
	(821, 7851, 615),
	(822, 7847, 616),
	(823, 7960, 617),
	(824, 7979, 618),
	(825, 2646, 619),
	(826, 3635, 620),
	(827, 8416, 621),
	(828, 9556, 622),
	(829, 2545, 623),
	(830, 2023, 624),
	(831, 6323, 625),
	(832, 6513, 626),
	(833, 7020, 627),
	(834, 2330, 628),
	(835, 2120, 629),
	(836, 9225, 630),
	(837, 6328, 631),
	(838, 9235, 632),
	(839, 9174, 633),
	(840, 7712, 634),
	(841, 6333, 635),
	(842, 7135, 636),
	(843, 2897, 637),
	(844, 9175, 638),
	(845, 9226, 639),
	(846, 6325, 640),
	(847, 2407, 641),
	(848, 2400, 641),
	(849, 2336, 642),
	(850, 6087, 643),
	(851, 6353, 644),
	(852, 7224, 645),
	(853, 9451, 646),
	(854, 4211, 647),
	(855, 9083, 648),
	(856, 3013, 649),
	(857, 3053, 650),
	(858, 5515, 651),
	(859, 7457, 652),
	(860, 2233, 653),
	(861, 7443, 654),
	(862, 3783, 655),
	(863, 3780, 655),
	(864, 9343, 656),
	(865, 3304, 657),
	(866, 3323, 657),
	(867, 3300, 657),
	(868, 7763, 658),
	(869, 8497, 659),
	(870, 8765, 660),
	(871, 3321, 661),
	(872, 3337, 662),
	(873, 3341, 663),
	(874, 3379, 664),
	(875, 3461, 665),
	(876, 3394, 666),
	(877, 3757, 667),
	(878, 3328, 668),
	(879, 8913, 669),
	(880, 9684, 670),
	(881, 9314, 671),
	(882, 4067, 672),
	(883, 4069, 672),
	(884, 3043, 673),
	(885, 9473, 674),
	(886, 3185, 675),
	(887, 7824, 676),
	(888, 9554, 677),
	(889, 9781, 678),
	(890, 8523, 679),
	(891, 7347, 680),
	(892, 9783, 681),
	(893, 5742, 682),
	(894, 7744, 683),
	(895, 2423, 684),
	(896, 2424, 684),
	(897, 3432, 685),
	(898, 3854, 686),
	(899, 3860, 686),
	(900, 4374, 687),
	(901, 3165, 688),
	(902, 7973, 689),
	(903, 9143, 690),
	(904, 8131, 691),
	(905, 8130, 691),
	(906, 6624, 692),
	(907, 4646, 693),
	(908, 8413, 694),
	(909, 2526, 695),
	(910, 2453, 696),
	(911, 2451, 696),
	(912, 2036, 697),
	(913, 2035, 697),
	(914, 2030, 697),
	(915, 3932, 698),
	(916, 3935, 699),
	(917, 2113, 700),
	(918, 3252, 701),
	(919, 2176, 702),
	(920, 7735, 703),
	(921, 7723, 704),
	(922, 2177, 705),
	(923, 3358, 706),
	(924, 3295, 707),
	(925, 4245, 708),
	(926, 6347, 709),
	(927, 6348, 710),
	(928, 2659, 711),
	(929, 7093, 712),
	(930, 7661, 713),
	(931, 4124, 714),
	(932, 8882, 715),
	(933, 8742, 716),
	(934, 2509, 717),
	(935, 2500, 717),
	(936, 2947, 718),
	(937, 3136, 719),
	(938, 2091, 720),
	(939, 4354, 721),
	(940, 6625, 722),
	(941, 7136, 723),
	(942, 7139, 724),
	(943, 7133, 724),
	(944, 3865, 725),
	(945, 6352, 726),
	(946, 3855, 727),
	(947, 9321, 728),
	(948, 8582, 729),
	(949, 3608, 730),
	(950, 2765, 731),
	(951, 7732, 732),
	(952, 3255, 733),
	(953, 5213, 734),
	(954, 5231, 734),
	(955, 4900, 735),
	(956, 9163, 736),
	(957, 8052, 737),
	(958, 7724, 738),
	(959, 9211, 739),
	(960, 8086, 740),
	(961, 3352, 741),
	(962, 6645, 742),
	(963, 9122, 743),
	(964, 3985, 744),
	(965, 9794, 745),
	(966, 3847, 746),
	(967, 7370, 747),
	(968, 3837, 748),
	(969, 9934, 749),
	(970, 3722, 750),
	(971, 6055, 751),
	(972, 9918, 752),
	(973, 7456, 753),
	(974, 7175, 754),
	(975, 3721, 755),
	(976, 7099, 756),
	(977, 8227, 757),
	(978, 8380, 758),
	(979, 2363, 759),
	(980, 2611, 760),
	(981, 8767, 761),
	(982, 3989, 762),
	(983, 8973, 763),
	(984, 6447, 764),
	(985, 7968, 765),
	(986, 9985, 766),
	(987, 3324, 767),
	(988, 3735, 768),
	(989, 3067, 769),
	(990, 3814, 770),
	(991, 3561, 771),
	(992, 4621, 772),
	(993, 8432, 773),
	(994, 6774, 774),
	(995, 9493, 775),
	(996, 9433, 776),
	(997, 9431, 776),
	(998, 9442, 777),
	(999, 9492, 778),
	(1000, 9421, 779),
	(1001, 9444, 780),
	(1002, 9436, 781),
	(1003, 7282, 782),
	(1004, 3994, 783),
	(1005, 8835, 784),
	(1006, 6331, 785),
	(1007, 6922, 786),
	(1008, 4177, 787),
	(1009, 4090, 788),
	(1010, 7271, 789),
	(1011, 3893, 790),
	(1012, 8732, 791),
	(1013, 8644, 792),
	(1014, 8640, 792),
	(1015, 6793, 793),
	(1016, 3849, 794),
	(1017, 2151, 795),
	(1018, 8157, 796),
	(1019, 4964, 797),
	(1020, 3864, 798),
	(1021, 4266, 799),
	(1022, 6042, 800),
	(1023, 6116, 801),
	(1024, 6085, 802),
	(1025, 4754, 803),
	(1026, 7087, 804),
	(1027, 4141, 805),
	(1028, 3996, 806),
	(1029, 3994, 807),
	(1030, 3997, 808),
	(1031, 3993, 809),
	(1032, 3390, 810),
	(1033, 5525, 811),
	(1034, 8777, 812),
	(1035, 4122, 813),
	(1036, 8969, 814),
	(1037, 4972, 815),
	(1038, 7276, 816),
	(1039, 8716, 817),
	(1040, 3815, 818),
	(1041, 5932, 819),
	(1042, 3837, 820),
	(1043, 3817, 821),
	(1044, 3816, 822),
	(1045, 8754, 823),
	(1046, 2686, 824),
	(1047, 2681, 825),
	(1048, 2193, 826),
	(1049, 2183, 827),
	(1050, 7473, 828),
	(1051, 3752, 829),
	(1052, 8685, 830),
	(1053, 8597, 831),
	(1054, 8082, 832),
	(1055, 6522, 833),
	(1056, 3067, 834),
	(1057, 8747, 835),
	(1058, 3873, 836),
	(1059, 4976, 837),
	(1060, 2484, 838),
	(1061, 2485, 838),
	(1062, 2483, 838),
	(1063, 7812, 839),
	(1064, 9952, 840),
	(1065, 6111, 841),
	(1066, 4471, 842),
	(1067, 4472, 842),
	(1068, 4754, 843),
	(1069, 8543, 844),
	(1070, 6334, 845),
	(1071, 4517, 846),
	(1072, 3444, 847),
	(1073, 4935, 848),
	(1074, 8981, 849),
	(1075, 8774, 850),
	(1076, 8774, 851),
	(1077, 4567, 852),
	(1078, 9721, 853),
	(1079, 9672, 854),
	(1080, 7951, 855),
	(1081, 5925, 856),
	(1082, 7362, 857),
	(1083, 7733, 858),
	(1084, 7134, 859),
	(1085, 9813, 860),
	(1086, 5734, 861),
	(1087, 3923, 862),
	(1088, 3715, 862),
	(1089, 4232, 863),
	(1090, 8762, 864),
	(1091, 8435, 865),
	(1092, 7527, 866),
	(1093, 7954, 867),
	(1094, 3578, 868),
	(1095, 2131, 869),
	(1096, 2132, 869),
	(1097, 2100, 870),
	(1098, 7386, 871),
	(1099, 7385, 871),
	(1100, 8346, 872),
	(1101, 7272, 873),
	(1102, 3906, 874),
	(1103, 2217, 875),
	(1104, 8984, 876),
	(1105, 3728, 877),
	(1106, 3895, 878),
	(1107, 3894, 879),
	(1108, 9071, 880),
	(1109, 9625, 881),
	(1110, 4075, 882),
	(1111, 7833, 883),
	(1112, 7728, 884),
	(1113, 7853, 885),
	(1114, 7553, 886),
	(1115, 8913, 887),
	(1116, 8978, 888),
	(1117, 7162, 889),
	(1118, 4842, 890),
	(1119, 8951, 891),
	(1120, 2360, 892),
	(1121, 9474, 893),
	(1122, 9774, 894),
	(1123, 9126, 895),
	(1124, 8851, 896),
	(1125, 8315, 897),
	(1126, 8473, 898),
	(1127, 2821, 899),
	(1128, 7668, 900),
	(1129, 5502, 901),
	(1130, 5500, 901),
	(1131, 9124, 902),
	(1132, 2230, 903),
	(1133, 7954, 904),
	(1134, 3221, 905),
	(1135, 3232, 905),
	(1136, 3233, 905),
	(1137, 3200, 905),
	(1138, 9723, 906),
	(1139, 3212, 907),
	(1140, 7972, 908),
	(1141, 3211, 909),
	(1142, 3035, 910),
	(1143, 3231, 911),
	(1144, 3036, 912),
	(1145, 7064, 913),
	(1146, 9019, 914),
	(1147, 9011, 914),
	(1148, 9012, 914),
	(1149, 9000, 914),
	(1150, 9021, 914),
	(1151, 9022, 914),
	(1152, 9023, 914),
	(1153, 9024, 914),
	(1154, 9025, 914),
	(1155, 9026, 914),
	(1156, 9027, 914),
	(1157, 9028, 914),
	(1158, 9029, 914),
	(1159, 9030, 914),
	(1160, 9093, 915),
	(1161, 7352, 916),
	(1162, 3954, 917),
	(1163, 7045, 918),
	(1164, 9173, 919),
	(1165, 9363, 920),
	(1166, 4625, 921),
	(1167, 9084, 922),
	(1168, 9161, 923),
	(1169, 9121, 924),
	(1170, 4752, 925),
	(1171, 9081, 926),
	(1172, 9171, 927),
	(1173, 9821, 928),
	(1174, 9172, 929),
	(1175, 8692, 930),
	(1176, 4733, 931),
	(1177, 5711, 932),
	(1178, 5703, 932),
	(1179, 5700, 932),
	(1180, 4545, 933),
	(1181, 7227, 934),
	(1182, 8286, 935),
	(1183, 4813, 936),
	(1184, 2464, 937),
	(1185, 8932, 938),
	(1186, 8694, 939),
	(1187, 8992, 940),
	(1188, 8771, 941),
	(1189, 4273, 942),
	(1190, 4224, 943),
	(1191, 4086, 943),
	(1192, 4074, 943),
	(1193, 4220, 943),
	(1194, 4087, 944),
	(1195, 4242, 945),
	(1196, 4085, 946),
	(1197, 4080, 946),
	(1198, 4251, 947),
	(1199, 4200, 948),
	(1200, 4212, 949),
	(1201, 7473, 950),
	(1202, 8192, 951),
	(1203, 6344, 952),
	(1204, 9814, 953),
	(1205, 9228, 954),
	(1206, 2314, 955),
	(1207, 8452, 956),
	(1208, 3842, 957),
	(1209, 3273, 958),
	(1210, 9917, 959),
	(1211, 3795, 960),
	(1212, 3626, 961),
	(1213, 2434, 962),
	(1214, 9784, 963),
	(1215, 7172, 964),
	(1216, 9422, 965),
	(1217, 6136, 966),
	(1218, 7815, 967),
	(1219, 7585, 968),
	(1220, 3936, 969),
	(1221, 3555, 970),
	(1222, 8442, 971),
	(1223, 6327, 972),
	(1224, 6326, 972),
	(1225, 7745, 973),
	(1226, 3000, 974),
	(1227, 9178, 975),
	(1228, 7533, 976),
	(1229, 8296, 977),
	(1230, 9222, 978),
	(1231, 9631, 979),
	(1232, 9915, 980),
	(1233, 7348, 981),
	(1234, 9915, 982),
	(1235, 9934, 983),
	(1236, 9931, 984),
	(1237, 9826, 985),
	(1238, 9437, 986),
	(1239, 8265, 987),
	(1240, 3786, 988),
	(1241, 7837, 989),
	(1242, 3041, 990),
	(1243, 3892, 991),
	(1244, 3593, 992),
	(1245, 3597, 993),
	(1246, 3588, 994),
	(1247, 3594, 995),
	(1248, 3595, 996),
	(1249, 7683, 997),
	(1250, 6034, 998),
	(1251, 4123, 999),
	(1252, 7532, 1000),
	(1253, 2053, 1001),
	(1254, 3958, 1002),
	(1255, 6525, 1003),
	(1256, 3011, 1004),
	(1257, 2832, 1005),
	(1258, 2677, 1006),
	(1259, 8440, 1007),
	(1260, 7587, 1008),
	(1261, 4735, 1009),
	(1262, 2376, 1010),
	(1263, 3853, 1011),
	(1264, 3887, 1012),
	(1265, 3563, 1013),
	(1266, 3846, 1014),
	(1267, 3564, 1015),
	(1268, 3874, 1016),
	(1269, 3852, 1017),
	(1270, 3875, 1018),
	(1271, 3874, 1019),
	(1272, 8957, 1020),
	(1273, 3655, 1021),
	(1274, 4843, 1022),
	(1275, 7432, 1023),
	(1276, 7681, 1024),
	(1277, 8344, 1025),
	(1278, 3360, 1026),
	(1279, 3322, 1027),
	(1280, 3383, 1028),
	(1281, 8380, 1029),
	(1282, 2192, 1030),
	(1283, 7696, 1031),
	(1284, 3876, 1032),
	(1285, 8247, 1033),
	(1286, 9491, 1034),
	(1287, 3768, 1035),
	(1288, 7735, 1036),
	(1289, 9362, 1037),
	(1290, 7838, 1038),
	(1291, 7971, 1039),
	(1292, 4334, 1040),
	(1293, 6806, 1041),
	(1294, 6800, 1041),
	(1295, 7191, 1042),
	(1296, 8731, 1043),
	(1297, 3999, 1044),
	(1298, 3176, 1045),
	(1299, 8563, 1046),
	(1300, 8777, 1047),
	(1301, 6341, 1048),
	(1302, 7537, 1049),
	(1303, 7716, 1050),
	(1304, 3812, 1051),
	(1305, 2647, 1052),
	(1306, 2658, 1053),
	(1307, 3014, 1054),
	(1308, 4071, 1055),
	(1309, 7935, 1056),
	(1310, 9796, 1057),
	(1311, 9733, 1058),
	(1312, 7694, 1059),
	(1313, 4274, 1060),
	(1314, 9676, 1061),
	(1315, 8716, 1062),
	(1316, 8777, 1063),
	(1317, 8475, 1064),
	(1318, 8991, 1065),
	(1319, 9361, 1066),
	(1320, 2672, 1067),
	(1321, 5555, 1068),
	(1322, 5063, 1069),
	(1323, 7678, 1070),
	(1324, 7935, 1071),
	(1325, 8984, 1072),
	(1326, 4484, 1073),
	(1327, 7275, 1074),
	(1328, 7016, 1075),
	(1329, 7015, 1075),
	(1330, 3459, 1076),
	(1331, 8726, 1077),
	(1332, 8725, 1078),
	(1333, 9756, 1079),
	(1334, 2181, 1080),
	(1335, 9634, 1081),
	(1336, 8958, 1082),
	(1337, 9141, 1083),
	(1338, 2675, 1084),
	(1339, 4566, 1085),
	(1340, 7775, 1086),
	(1341, 3724, 1087),
	(1342, 6238, 1088),
	(1343, 3851, 1089),
	(1344, 2365, 1090),
	(1345, 8724, 1091),
	(1346, 7847, 1092),
	(1347, 2631, 1093),
	(1348, 3138, 1094),
	(1349, 2633, 1095),
	(1350, 2669, 1096),
	(1351, 7095, 1097),
	(1352, 3786, 1098),
	(1353, 2117, 1099),
	(1354, 9941, 1100),
	(1355, 3253, 1101),
	(1356, 7987, 1102),
	(1357, 8043, 1103),
	(1358, 8493, 1104),
	(1359, 8045, 1105),
	(1360, 3248, 1106),
	(1361, 9374, 1107),
	(1362, 7772, 1108),
	(1363, 9931, 1109),
	(1364, 2454, 1110),
	(1365, 7781, 1111),
	(1366, 7353, 1112),
	(1367, 6070, 1113),
	(1368, 3741, 1114),
	(1369, 7362, 1115),
	(1370, 9798, 1116),
	(1371, 6078, 1117),
	(1372, 9643, 1118),
	(1373, 3721, 1119),
	(1374, 7525, 1120),
	(1375, 4841, 1121),
	(1376, 4741, 1122),
	(1377, 6440, 1123),
	(1378, 9545, 1124),
	(1379, 5143, 1125),
	(1380, 9241, 1126),
	(1381, 9242, 1126),
	(1382, 3664, 1127),
	(1383, 4337, 1128),
	(1384, 8424, 1129),
	(1385, 5124, 1130),
	(1386, 5054, 1131),
	(1387, 5130, 1132),
	(1388, 5123, 1133),
	(1389, 5152, 1134),
	(1390, 5100, 1134),
	(1391, 5144, 1135),
	(1392, 5122, 1136),
	(1393, 5111, 1137),
	(1394, 5126, 1138),
	(1395, 5135, 1139),
	(1396, 5121, 1140),
	(1397, 2746, 1141),
	(1398, 5137, 1142),
	(1399, 5055, 1143),
	(1400, 5136, 1144),
	(1401, 6133, 1145),
	(1402, 5141, 1146),
	(1403, 4611, 1147),
	(1404, 8146, 1148),
	(1405, 9323, 1149),
	(1406, 3063, 1150),
	(1407, 3758, 1151),
	(1408, 7431, 1152),
	(1409, 4183, 1153),
	(1410, 8773, 1154),
	(1411, 3424, 1155),
	(1412, 7940, 1156),
	(1413, 7530, 1157),
	(1414, 9123, 1158),
	(1415, 2472, 1159),
	(1416, 7051, 1160),
	(1417, 7122, 1161),
	(1418, 7958, 1162),
	(1419, 2366, 1163),
	(1420, 3350, 1164),
	(1421, 7194, 1165),
	(1422, 9673, 1166),
	(1423, 2175, 1167),
	(1424, 8785, 1168),
	(1425, 4324, 1169),
	(1426, 7538, 1170),
	(1427, 4434, 1171),
	(1428, 8988, 1172),
	(1429, 6300, 1173),
	(1430, 8124, 1174),
	(1431, 9841, 1175),
	(1432, 8469, 1176),
	(1433, 5673, 1177),
	(1434, 3735, 1178),
	(1435, 4335, 1179),
	(1436, 3821, 1180),
	(1437, 8667, 1181),
	(1438, 8956, 1182),
	(1439, 8294, 1183),
	(1440, 3355, 1184),
	(1441, 2475, 1185),
	(1442, 8671, 1186),
	(1443, 7523, 1187),
	(1444, 7473, 1188),
	(1445, 7261, 1189),
	(1446, 7258, 1190),
	(1447, 7521, 1191),
	(1448, 7251, 1192),
	(1449, 7361, 1193),
	(1450, 7476, 1194),
	(1451, 7522, 1195),
	(1452, 7400, 1196),
	(1453, 8471, 1197),
	(1454, 8283, 1198),
	(1455, 9339, 1199),
	(1456, 9330, 1199),
	(1457, 7285, 1200),
	(1458, 3281, 1201),
	(1459, 8676, 1202),
	(1460, 9547, 1203),
	(1461, 8491, 1204),
	(1462, 3181, 1205),
	(1463, 3137, 1206),
	(1464, 3183, 1207),
	(1465, 3182, 1208),
	(1466, 3163, 1209),
	(1467, 7333, 1210),
	(1468, 5300, 1211),
	(1469, 3963, 1212),
	(1470, 5552, 1213),
	(1471, 5945, 1214),
	(1472, 8354, 1215),
	(1473, 3962, 1216),
	(1474, 2173, 1217),
	(1475, 7827, 1218),
	(1476, 6211, 1219),
	(1477, 7977, 1220),
	(1478, 5948, 1221),
	(1479, 7564, 1222),
	(1480, 7914, 1223),
	(1481, 9915, 1224),
	(1482, 7661, 1225),
	(1483, 6455, 1226),
	(1484, 2215, 1227),
	(1485, 8994, 1228),
	(1486, 3147, 1229),
	(1487, 3127, 1229),
	(1488, 3700, 1230),
	(1489, 3831, 1231),
	(1490, 7274, 1232),
	(1491, 6237, 1233),
	(1492, 2852, 1234),
	(1493, 6044, 1235),
	(1494, 6008, 1235),
	(1495, 6000, 1235),
	(1496, 8784, 1236),
	(1497, 4515, 1237),
	(1498, 4494, 1238),
	(1499, 3899, 1239),
	(1500, 7661, 1240),
	(1501, 8254, 1241),
	(1502, 6423, 1242),
	(1503, 9549, 1243),
	(1504, 3728, 1244),
	(1505, 6444, 1245),
	(1506, 8714, 1246),
	(1507, 4501, 1247),
	(1508, 2638, 1248),
	(1509, 8931, 1249),
	(1510, 8516, 1250),
	(1511, 9553, 1251),
	(1512, 9522, 1252),
	(1513, 9511, 1253),
	(1514, 9544, 1254),
	(1515, 9517, 1255),
	(1516, 9521, 1256),
	(1517, 8518, 1257),
	(1518, 8995, 1258),
	(1519, 7843, 1259),
	(1520, 9923, 1260),
	(1521, 7839, 1261),
	(1522, 5349, 1262),
	(1523, 5331, 1262),
	(1524, 9752, 1263),
	(1525, 3955, 1264),
	(1526, 5083, 1265),
	(1527, 9514, 1266),
	(1528, 9945, 1267),
	(1529, 7256, 1268),
	(1530, 3396, 1269),
	(1531, 8745, 1270),
	(1532, 6041, 1271),
	(1533, 8618, 1272),
	(1534, 2882, 1273),
	(1535, 2145, 1274),
	(1536, 2144, 1274),
	(1537, 3821, 1275),
	(1538, 8971, 1276),
	(1539, 8973, 1277),
	(1540, 8973, 1278),
	(1541, 9944, 1279),
	(1542, 8874, 1280),
	(1543, 8879, 1281),
	(1544, 4912, 1282),
	(1545, 8492, 1283),
	(1546, 5526, 1284),
	(1547, 2616, 1285),
	(1548, 3579, 1286),
	(1549, 7062, 1287),
	(1550, 8360, 1288),
	(1551, 2517, 1289),
	(1552, 7668, 1290),
	(1553, 2655, 1291),
	(1554, 5741, 1292),
	(1555, 8713, 1293),
	(1556, 5411, 1294),
	(1557, 5674, 1295),
	(1558, 7975, 1296),
	(1559, 9982, 1297),
	(1560, 7174, 1298),
	(1561, 5744, 1299),
	(1562, 8774, 1300),
	(1563, 9181, 1301),
	(1564, 8044, 1302),
	(1565, 3657, 1303),
	(1566, 7953, 1304),
	(1567, 6911, 1305),
	(1568, 8195, 1306),
	(1569, 8284, 1307),
	(1570, 2428, 1308),
	(1571, 4921, 1309),
	(1572, 7523, 1310),
	(1573, 7954, 1311),
	(1574, 9133, 1312),
	(1575, 3046, 1313),
	(1576, 9062, 1314),
	(1577, 7542, 1315),
	(1578, 7282, 1316),
	(1579, 3075, 1317),
	(1580, 2881, 1318),
	(1581, 2879, 1318),
	(1582, 2870, 1318),
	(1583, 8693, 1319),
	(1584, 8477, 1320),
	(1585, 7391, 1321),
	(1586, 9234, 1322),
	(1587, 8925, 1323),
	(1588, 7756, 1324),
	(1589, 3578, 1325),
	(1590, 8888, 1326),
	(1591, 8494, 1327),
	(1592, 7814, 1328),
	(1593, 7985, 1329),
	(1594, 5837, 1330),
	(1595, 7159, 1331),
	(1596, 2655, 1332),
	(1597, 9341, 1333),
	(1598, 3256, 1334),
	(1599, 8356, 1335),
	(1600, 7279, 1336),
	(1601, 3556, 1337),
	(1602, 7391, 1338),
	(1603, 7800, 1339),
	(1604, 3161, 1340),
	(1605, 7763, 1341),
	(1606, 4977, 1342),
	(1607, 3994, 1343),
	(1608, 2948, 1344),
	(1609, 7773, 1345),
	(1610, 7766, 1346),
	(1611, 3843, 1347),
	(1612, 3384, 1348),
	(1613, 6200, 1349),
	(1614, 7524, 1350),
	(1615, 6100, 1351),
	(1616, 6400, 1352),
	(1617, 2340, 1353),
	(1618, 6120, 1354),
	(1619, 8911, 1355),
	(1620, 8156, 1356),
	(1621, 4325, 1357),
	(1622, 7775, 1358),
	(1623, 8446, 1359),
	(1624, 7356, 1360),
	(1625, 4126, 1361),
	(1626, 2623, 1362),
	(1627, 4737, 1363),
	(1628, 3264, 1364),
	(1629, 2165, 1365),
	(1630, 7759, 1366),
	(1631, 2024, 1367),
	(1632, 4956, 1368),
	(1633, 8912, 1369),
	(1634, 8496, 1370),
	(1635, 9936, 1371),
	(1636, 8756, 1372),
	(1637, 3965, 1373),
	(1638, 3627, 1374),
	(1639, 9555, 1375),
	(1640, 6421, 1376),
	(1641, 7082, 1377),
	(1642, 4963, 1378),
	(1643, 7841, 1379),
	(1644, 8957, 1380),
	(1645, 8483, 1381),
	(1646, 7981, 1382),
	(1647, 7823, 1383),
	(1648, 2143, 1384),
	(1649, 6760, 1385),
	(1650, 3553, 1386),
	(1651, 8868, 1387),
	(1652, 7068, 1388),
	(1653, 7768, 1389),
	(1654, 5310, 1390),
	(1655, 9772, 1391),
	(1656, 4600, 1392),
	(1657, 4811, 1393),
	(1658, 8341, 1394),
	(1659, 7381, 1395),
	(1660, 7183, 1396),
	(1661, 6775, 1397),
	(1662, 9733, 1398),
	(1663, 6773, 1399),
	(1664, 7334, 1400),
	(1665, 2898, 1401),
	(1666, 2755, 1402),
	(1667, 9553, 1403),
	(1668, 7212, 1404),
	(1669, 4751, 1405),
	(1670, 2243, 1406),
	(1671, 4284, 1407),
	(1672, 7668, 1408),
	(1673, 7530, 1409),
	(1674, 4965, 1410),
	(1675, 7052, 1411),
	(1676, 7717, 1412),
	(1677, 8468, 1413),
	(1678, 4138, 1414),
	(1679, 2903, 1415),
	(1680, 2921, 1415),
	(1681, 2900, 1415),
	(1682, 3765, 1416),
	(1683, 7305, 1417),
	(1684, 7300, 1417),
	(1685, 3372, 1417),
	(1686, 2853, 1419),
	(1687, 4765, 1420),
	(1688, 7582, 1421),
	(1689, 3937, 1422),
	(1690, 4622, 1423),
	(1691, 4943, 1423),
	(1692, 6134, 1425),
	(1693, 3356, 1426),
	(1694, 3775, 1427),
	(1695, 9943, 1428),
	(1696, 5553, 1429),
	(1697, 9144, 1430),
	(1698, 4133, 1431),
	(1699, 9495, 1432),
	(1700, 7094, 1433),
	(1701, 3886, 1434),
	(1702, 9909, 1435),
	(1703, 9900, 1435),
	(1704, 2851, 1436),
	(1705, 3577, 1437),
	(1706, 9113, 1438),
	(1707, 7841, 1439),
	(1708, 8617, 1440),
	(1709, 5516, 1441),
	(1710, 5539, 1442),
	(1711, 4136, 1443),
	(1712, 4135, 1444),
	(1713, 5622, 1445),
	(1714, 2745, 1446),
	(1715, 5536, 1447),
	(1716, 2612, 1448),
	(1717, 2625, 1449),
	(1718, 8152, 1450),
	(1719, 9730, 1451),
	(1720, 9725, 1452),
	(1721, 9739, 1453),
	(1722, 9725, 1454),
	(1723, 4482, 1455),
	(1724, 8627, 1456),
	(1725, 5725, 1457),
	(1726, 5062, 1458),
	(1727, 7847, 1459),
	(1728, 7678, 1460),
	(1729, 3992, 1461),
	(1730, 8254, 1462),
	(1731, 7673, 1463),
	(1732, 7675, 1464),
	(1733, 6912, 1465),
	(1734, 8274, 1466),
	(1735, 3053, 1467),
	(1736, 7761, 1468),
	(1737, 8988, 1469),
	(1738, 3821, 1470),
	(1739, 6755, 1471),
	(1740, 2458, 1472),
	(1741, 8978, 1473),
	(1742, 9532, 1474),
	(1743, 6097, 1475),
	(1744, 5746, 1476),
	(1745, 6435, 1477),
	(1746, 6043, 1478),
	(1747, 5412, 1479),
	(1748, 6413, 1480),
	(1749, 8162, 1481),
	(1750, 5340, 1482),
	(1751, 5321, 1483),
	(1752, 6096, 1484),
	(1753, 6115, 1485),
	(1754, 5449, 1486),
	(1755, 5440, 1486),
	(1756, 6090, 1487),
	(1757, 9184, 1488),
	(1758, 8595, 1489),
	(1759, 3813, 1490),
	(1760, 7226, 1491),
	(1761, 3732, 1492),
	(1762, 8919, 1493),
	(1763, 7541, 1494),
	(1764, 3066, 1495),
	(1765, 2541, 1496),
	(1766, 7551, 1497),
	(1767, 3967, 1498),
	(1768, 7535, 1499),
	(1769, 6045, 1500),
	(1770, 3780, 1501),
	(1771, 8136, 1502),
	(1772, 6050, 1503),
	(1773, 3786, 1504),
	(1774, 8913, 1505),
	(1775, 6065, 1506),
	(1776, 7918, 1507),
	(1777, 7759, 1508),
	(1778, 7214, 1509),
	(1779, 7775, 1510),
	(1780, 4543, 1511),
	(1781, 8887, 1512),
	(1782, 8681, 1513),
	(1783, 9089, 1514),
	(1784, 2016, 1515),
	(1785, 2518, 1516),
	(1786, 9155, 1517),
	(1787, 2619, 1518),
	(1788, 3904, 1519),
	(1789, 3832, 1520),
	(1790, 3648, 1521),
	(1791, 8978, 1522),
	(1792, 8977, 1523),
	(1793, 7184, 1524),
	(1794, 8693, 1525),
	(1795, 8966, 1526),
	(1796, 8960, 1526),
	(1797, 8132, 1527),
	(1798, 8318, 1528),
	(1799, 8319, 1529),
	(1800, 8318, 1530),
	(1801, 4281, 1531),
	(1802, 4283, 1531),
	(1803, 8868, 1532),
	(1804, 2632, 1533),
	(1805, 9221, 1534),
	(1806, 4555, 1535),
	(1807, 8707, 1536),
	(1808, 8981, 1537),
	(1809, 7331, 1538),
	(1810, 8782, 1539),
	(1811, 9233, 1540),
	(1812, 7781, 1541),
	(1813, 7757, 1542),
	(1814, 8888, 1543),
	(1815, 8831, 1544),
	(1816, 8196, 1545),
	(1817, 3866, 1546),
	(1818, 3186, 1547),
	(1819, 9634, 1548),
	(1820, 5743, 1549),
	(1821, 8425, 1550),
	(1822, 4836, 1551),
	(1823, 2309, 1552),
	(1824, 3022, 1553),
	(1825, 3024, 1553),
	(1826, 3021, 1553),
	(1827, 7761, 1554),
	(1828, 8228, 1555),
	(1829, 8093, 1556),
	(1830, 7720, 1557),
	(1831, 8878, 1558),
	(1832, 8553, 1559),
	(1833, 9461, 1560),
	(1834, 4633, 1561),
	(1835, 3129, 1562),
	(1836, 3188, 1563),
	(1837, 3274, 1564),
	(1838, 9724, 1565),
	(1839, 8660, 1566),
	(1840, 7838, 1567),
	(1841, 3909, 1568),
	(1842, 6456, 1569),
	(1843, 7026, 1570),
	(1844, 9169, 1571),
	(1845, 2234, 1572),
	(1846, 7342, 1573),
	(1847, 4953, 1574),
	(1848, 4556, 1575),
	(1849, 8071, 1576),
	(1850, 7463, 1577),
	(1851, 5667, 1578),
	(1852, 7775, 1579),
	(1853, 6932, 1580),
	(1854, 5838, 1581),
	(1855, 7332, 1582),
	(1856, 7441, 1583),
	(1857, 8973, 1584),
	(1858, 3133, 1585),
	(1859, 8517, 1586),
	(1860, 7394, 1587),
	(1861, 4137, 1588),
	(1862, 9346, 1589),
	(1863, 7098, 1590),
	(1864, 9962, 1591),
	(1865, 7925, 1592),
	(1866, 7954, 1593),
	(1867, 9909, 1594),
	(1868, 2694, 1595),
	(1869, 8449, 1596),
	(1870, 7761, 1597),
	(1871, 9912, 1598),
	(1872, 7396, 1599),
	(1873, 8776, 1600),
	(1874, 8776, 1601),
	(1875, 9946, 1602),
	(1876, 7954, 1603),
	(1877, 2339, 1604),
	(1878, 7783, 1605),
	(1879, 2322, 1606),
	(1880, 3959, 1607),
	(1881, 3397, 1608),
	(1882, 6903, 1609),
	(1883, 6900, 1609),
	(1884, 8533, 1610),
	(1885, 3434, 1611),
	(1886, 3645, 1612),
	(1887, 4942, 1613),
	(1888, 4644, 1614),
	(1889, 7304, 1615),
	(1890, 2065, 1616),
	(1891, 7733, 1617),
	(1892, 9534, 1618),
	(1893, 8714, 1619),
	(1894, 8709, 1619),
	(1895, 8700, 1619),
	(1896, 8531, 1620),
	(1897, 8532, 1620),
	(1898, 7817, 1621),
	(1899, 2527, 1622),
	(1900, 9231, 1623),
	(1901, 7663, 1624),
	(1902, 2629, 1625),
	(1903, 4326, 1626),
	(1904, 3262, 1627),
	(1905, 3075, 1628),
	(1906, 8441, 1629),
	(1907, 7967, 1630),
	(1908, 9164, 1631),
	(1909, 8888, 1632),
	(1910, 7960, 1633),
	(1911, 7774, 1634),
	(1912, 8976, 1635),
	(1913, 4932, 1636),
	(1914, 6921, 1637),
	(1915, 6636, 1638),
	(1916, 5435, 1639),
	(1917, 7720, 1640),
	(1918, 2462, 1641),
	(1919, 3755, 1642),
	(1920, 4700, 1643),
	(1921, 6452, 1644),
	(1922, 3247, 1645),
	(1923, 3246, 1646),
	(1924, 3155, 1647),
	(1925, 3144, 1648),
	(1926, 3143, 1648),
	(1927, 3142, 1649),
	(1928, 3234, 1650),
	(1929, 3235, 1650),
	(1930, 3068, 1651),
	(1931, 3145, 1652),
	(1932, 3146, 1652),
	(1933, 3077, 1653),
	(1934, 7854, 1654),
	(1935, 8134, 1655),
	(1936, 4835, 1656),
	(1937, 7351, 1657),
	(1938, 7695, 1658),
	(1939, 7300, 1659),
	(1940, 9176, 1660),
	(1941, 5664, 1661),
	(1942, 5663, 1661),
	(1943, 5752, 1662),
	(1944, 5666, 1662),
	(1945, 7057, 1663),
	(1946, 9757, 1664),
	(1947, 3718, 1665),
	(1948, 9754, 1666),
	(1949, 8348, 1667),
	(1950, 5726, 1668),
	(1951, 4975, 1669),
	(1952, 7344, 1670),
	(1953, 6449, 1671),
	(1954, 8271, 1672),
	(1955, 2235, 1673),
	(1956, 3871, 1674),
	(1957, 7981, 1675),
	(1958, 9136, 1676),
	(1959, 4352, 1677),
	(1960, 7453, 1678),
	(1961, 9531, 1679),
	(1962, 9662, 1680),
	(1963, 9551, 1681),
	(1964, 5452, 1682),
	(1965, 3754, 1683),
	(1966, 9745, 1684),
	(1967, 8716, 1685),
	(1968, 5650, 1686),
	(1969, 3450, 1687),
	(1970, 7434, 1688),
	(1971, 7370, 1689),
	(1972, 2422, 1690),
	(1973, 5732, 1691),
	(1974, 5820, 1692),
	(1975, 5453, 1693),
	(1976, 3441, 1694),
	(1977, 8137, 1695),
	(1978, 5800, 1696),
	(1979, 3400, 1697),
	(1980, 4641, 1698),
	(1981, 8514, 1699),
	(1982, 3443, 1700),
	(1983, 3421, 1701),
	(1984, 9098, 1702),
	(1985, 9097, 1702),
	(1986, 4118, 1703),
	(1987, 4134, 1704),
	(1988, 3378, 1705),
	(1989, 8133, 1706),
	(1990, 7017, 1707),
	(1991, 3375, 1708),
	(1992, 5400, 1709),
	(1993, 3931, 1710),
	(1994, 8825, 1711),
	(1995, 8341, 1712),
	(1996, 3184, 1713),
	(1997, 8513, 1714),
	(1998, 9342, 1715),
	(1999, 7512, 1716),
	(2000, 2736, 1717),
	(2001, 8949, 1718),
	(2002, 4271, 1719),
	(2003, 7286, 1720),
	(2004, 3344, 1721),
	(2005, 3989, 1722),
	(2006, 9835, 1723),
	(2007, 8917, 1724),
	(2008, 4948, 1725),
	(2009, 6630, 1726),
	(2010, 7391, 1727),
	(2011, 8282, 1728),
	(2012, 8935, 1729),
	(2013, 6343, 1730),
	(2014, 3510, 1731),
	(2015, 3515, 1731),
	(2016, 3516, 1731),
	(2017, 3508, 1731),
	(2018, 3517, 1731),
	(2019, 3518, 1731),
	(2020, 3521, 1731),
	(2021, 3519, 1731),
	(2022, 3500, 1731),
	(2023, 3501, 1731),
	(2024, 3524, 1731),
	(2025, 3525, 1731),
	(2026, 3526, 1731),
	(2027, 3527, 1731),
	(2028, 3528, 1731),
	(2029, 3529, 1731),
	(2030, 3530, 1731),
	(2031, 3531, 1731),
	(2032, 3532, 1731),
	(2033, 3533, 1731),
	(2034, 3534, 1731),
	(2035, 3535, 1731),
	(2036, 7065, 1732),
	(2037, 2911, 1733),
	(2038, 7163, 1734),
	(2039, 2146, 1735),
	(2040, 2535, 1736),
	(2041, 3893, 1737),
	(2042, 8042, 1738),
	(2043, 7715, 1739),
	(2044, 7714, 1739),
	(2045, 7700, 1739),
	(2046, 2698, 1740),
	(2047, 8863, 1741),
	(2048, 9912, 1742),
	(2049, 7981, 1743),
	(2050, 3812, 1744),
	(2051, 3905, 1745),
	(2052, 2213, 1746),
	(2053, 2200, 1746),
	(2054, 3345, 1747),
	(2055, 8296, 1748),
	(2056, 4275, 1749),
	(2057, 8273, 1750),
	(2058, 7751, 1751),
	(2059, 8060, 1752),
	(2060, 7165, 1753),
	(2061, 6782, 1754),
	(2062, 6132, 1755),
	(2063, 9131, 1756),
	(2064, 7257, 1757),
	(2065, 9200, 1758),
	(2066, 9183, 1759),
	(2067, 9154, 1759),
	(2068, 9245, 1760),
	(2069, 7932, 1761),
	(2070, 7185, 1762),
	(2071, 7195, 1763),
	(2072, 3744, 1764),
	(2073, 3552, 1765),
	(2074, 8834, 1766),
	(2075, 8868, 1767),
	(2076, 8872, 1768),
	(2077, 7176, 1769),
	(2078, 5672, 1770),
	(2079, 4911, 1771),
	(2080, 8097, 1772),
	(2081, 9915, 1773),
	(2082, 8145, 1774),
	(2083, 4181, 1775),
	(2084, 8674, 1776),
	(2085, 8521, 1777),
	(2086, 8484, 1778),
	(2087, 4922, 1779),
	(2088, 7500, 1780),
	(2089, 9063, 1781),
	(2090, 7561, 1782),
	(2091, 8821, 1783),
	(2092, 5668, 1784),
	(2093, 6527, 1785),
	(2094, 3641, 1786),
	(2095, 3075, 1787),
	(2096, 8656, 1788),
	(2097, 7255, 1789),
	(2098, 2634, 1790),
	(2099, 7756, 1791),
	(2100, 9485, 1792),
	(2101, 7838, 1793),
	(2102, 3598, 1794),
	(2103, 8628, 1795),
	(2104, 4445, 1796),
	(2105, 8554, 1797),
	(2106, 4823, 1798),
	(2107, 7985, 1799),
	(2108, 7044, 1800),
	(2109, 4355, 1801),
	(2110, 6917, 1802),
	(2111, 8415, 1803),
	(2112, 3282, 1804),
	(2113, 9664, 1805),
	(2114, 8356, 1806),
	(2115, 8551, 1807),
	(2116, 7343, 1808),
	(2117, 4485, 1809),
	(2118, 7822, 1810),
	(2119, 4064, 1811),
	(2120, 4977, 1812),
	(2121, 3994, 1813),
	(2122, 2942, 1814),
	(2123, 5363, 1815),
	(2124, 4320, 1816),
	(2125, 5751, 1817),
	(2126, 8831, 1818),
	(2127, 8808, 1818),
	(2128, 8809, 1818),
	(2129, 8800, 1818),
	(2130, 8935, 1819),
	(2131, 2425, 1820),
	(2132, 2760, 1821),
	(2133, 4127, 1822),
	(2134, 3129, 1823),
	(2135, 3844, 1824),
	(2136, 3012, 1825),
	(2137, 9784, 1826),
	(2138, 7092, 1827),
	(2139, 2750, 1828),
	(2140, 7545, 1829),
	(2141, 5065, 1830),
	(2142, 2094, 1831),
	(2143, 7741, 1832),
	(2144, 8911, 1833),
	(2145, 6933, 1834),
	(2146, 8983, 1835),
	(2147, 3175, 1836),
	(2148, 2435, 1837),
	(2149, 9482, 1838),
	(2150, 6622, 1839),
	(2151, 7355, 1840),
	(2152, 2626, 1841),
	(2153, 9913, 1842),
	(2154, 7784, 1843),
	(2155, 2645, 1844),
	(2156, 8912, 1845),
	(2157, 7731, 1846),
	(2158, 7912, 1847),
	(2159, 8496, 1848),
	(2160, 4173, 1849),
	(2161, 8746, 1850),
	(2162, 9938, 1851),
	(2163, 8756, 1852),
	(2164, 3214, 1853),
	(2165, 5463, 1854),
	(2166, 3965, 1855),
	(2167, 2524, 1856),
	(2168, 9561, 1857),
	(2169, 8739, 1858),
	(2170, 7085, 1859),
	(2171, 4962, 1860),
	(2172, 5931, 1861),
	(2173, 9072, 1862),
	(2174, 7097, 1863),
	(2175, 3398, 1864),
	(2176, 2142, 1865),
	(2177, 8562, 1866),
	(2178, 9832, 1867),
	(2179, 6612, 1868),
	(2180, 7800, 1869),
	(2181, 3357, 1870),
	(2182, 4812, 1871),
	(2183, 7912, 1872),
	(2184, 8291, 1873),
	(2185, 7186, 1874),
	(2186, 8065, 1875),
	(2187, 2421, 1876),
	(2188, 3349, 1877),
	(2189, 7215, 1878),
	(2190, 4552, 1879),
	(2191, 9797, 1880),
	(2192, 9793, 1881),
	(2193, 2899, 1882),
	(2194, 3463, 1883),
	(2195, 3646, 1884),
	(2196, 8923, 1885),
	(2197, 3592, 1886),
	(2198, 9749, 1887),
	(2199, 4942, 1888),
	(2200, 8371, 1889),
	(2201, 9739, 1890),
	(2202, 8722, 1891),
	(2203, 8522, 1892),
	(2204, 8284, 1893),
	(2205, 8471, 1894),
	(2206, 8925, 1895),
	(2207, 7981, 1896),
	(2208, 9471, 1897),
	(2209, 9548, 1898),
	(2210, 8717, 1899),
	(2211, 9542, 1900),
	(2212, 9775, 1901),
	(2213, 9663, 1902),
	(2214, 9953, 1903),
	(2215, 6345, 1904),
	(2216, 8976, 1905),
	(2217, 8856, 1906),
	(2218, 8915, 1907),
	(2219, 9782, 1908),
	(2220, 8925, 1909),
	(2221, 9533, 1910),
	(2222, 8925, 1911),
	(2223, 8248, 1912),
	(2224, 8738, 1913),
	(2225, 8311, 1914),
	(2226, 8581, 1915),
	(2227, 8918, 1916),
	(2228, 7039, 1917),
	(2229, 3152, 1918),
	(2230, 2544, 1919),
	(2231, 2618, 1920),
	(2232, 9652, 1921),
	(2233, 8706, 1922),
	(2234, 2642, 1923),
	(2235, 2691, 1924),
	(2236, 2675, 1925),
	(2237, 3132, 1926),
	(2238, 2685, 1927),
	(2239, 3179, 1928),
	(2240, 3187, 1929),
	(2241, 8591, 1930),
	(2242, 8456, 1931),
	(2243, 3325, 1932),
	(2244, 2610, 1933),
	(2245, 8948, 1934),
	(2246, 3327, 1935),
	(2247, 3872, 1936),
	(2248, 9096, 1937),
	(2249, 8512, 1938),
	(2250, 2723, 1939),
	(2251, 6032, 1940),
	(2252, 2712, 1941),
	(2253, 3433, 1942),
	(2254, 2537, 1943),
	(2255, 2536, 1943),
	(2256, 3809, 1944),
	(2257, 8612, 1945),
	(2258, 4264, 1946),
	(2259, 4262, 1947),
	(2260, 8454, 1948),
	(2261, 4253, 1949),
	(2262, 4252, 1949),
	(2263, 4254, 1949),
	(2264, 4300, 1950),
	(2265, 4372, 1951),
	(2266, 4361, 1952),
	(2267, 4511, 1953),
	(2268, 4356, 1954),
	(2269, 4331, 1955),
	(2270, 4332, 1956),
	(2271, 4405, 1957),
	(2272, 4246, 1957),
	(2273, 4433, 1957),
	(2274, 4412, 1957),
	(2275, 4432, 1957),
	(2276, 4551, 1957),
	(2277, 4431, 1957),
	(2278, 4481, 1957),
	(2279, 4400, 1957),
	(2280, 4362, 1958),
	(2281, 4311, 1959),
	(2282, 3997, 1960),
	(2283, 4535, 1961),
	(2284, 4541, 1962),
	(2285, 4544, 1963),
	(2286, 4333, 1964),
	(2287, 4537, 1965),
	(2288, 4632, 1966),
	(2289, 4371, 1967),
	(2290, 4564, 1968),
	(2291, 4263, 1969),
	(2292, 4722, 1970),
	(2293, 4363, 1971),
	(2294, 4822, 1972),
	(2295, 4531, 1973),
	(2296, 4376, 1974),
	(2297, 4522, 1975),
	(2298, 4461, 1976),
	(2299, 4554, 1977),
	(2300, 4532, 1978),
	(2301, 4341, 1979),
	(2302, 9682, 1980),
	(2303, 3795, 1981),
	(2304, 7912, 1982),
	(2305, 9082, 1983),
	(2306, 7695, 1984),
	(2307, 2063, 1985),
	(2308, 8272, 1986),
	(2309, 8292, 1987),
	(2310, 2364, 1988),
	(2311, 7814, 1989),
	(2312, 7143, 1990),
	(2313, 5451, 1991),
	(2314, 7695, 1992),
	(2315, 4558, 1993),
	(2316, 6923, 1994),
	(2317, 8342, 1995),
	(2318, 5534, 1996),
	(2319, 7957, 1997),
	(2320, 4755, 1998),
	(2321, 7681, 1999),
	(2322, 7745, 2000),
	(2323, 9824, 2001),
	(2324, 8414, 2002),
	(2325, 3933, 2003),
	(2326, 9621, 2004),
	(2327, 4826, 2005),
	(2328, 4914, 2006),
	(2329, 7824, 2007),
	(2330, 9733, 2008),
	(2331, 8886, 2009),
	(2332, 4373, 2010),
	(2333, 3562, 2011),
	(2334, 3551, 2012),
	(2335, 4821, 2013),
	(2336, 6767, 2014),
	(2337, 4336, 2015),
	(2338, 8935, 2016),
	(2339, 2162, 2017),
	(2340, 7400, 2018),
	(2341, 8635, 2019),
	(2342, 6335, 2020),
	(2343, 6311, 2021),
	(2344, 8697, 2022),
	(2345, 9982, 2023),
	(2346, 7677, 2024),
	(2347, 6077, 2025),
	(2348, 2671, 2026),
	(2349, 9933, 2027),
	(2350, 9941, 2028),
	(2351, 2377, 2029),
	(2352, 8983, 2030),
	(2353, 5222, 2031),
	(2354, 5556, 2032),
	(2355, 3743, 2033),
	(2356, 5904, 2034),
	(2357, 5903, 2034),
	(2358, 5905, 2034),
	(2359, 5900, 2034),
	(2360, 8458, 2035),
	(2361, 2840, 2036),
	(2362, 7370, 2037),
	(2363, 8744, 2038),
	(2364, 8954, 2039),
	(2365, 8854, 2040),
	(2366, 8242, 2041),
	(2367, 2610, 2042),
	(2368, 8161, 2043),
	(2369, 8191, 2044),
	(2370, 9354, 2045),
	(2371, 9512, 2046),
	(2372, 3326, 2047),
	(2373, 9825, 2048),
	(2374, 3591, 2049),
	(2375, 7444, 2050),
	(2376, 9153, 2051),
	(2377, 6784, 2052),
	(2378, 7511, 2053),
	(2379, 3604, 2054),
	(2380, 3651, 2054),
	(2381, 3661, 2054),
	(2382, 3603, 2054),
	(2383, 3662, 2054),
	(2384, 3625, 2054),
	(2385, 3621, 2054),
	(2386, 3600, 2054),
	(2387, 7836, 2055),
	(2388, 8998, 2056),
	(2389, 7086, 2057),
	(2390, 3964, 2058),
	(2391, 8761, 2059),
	(2392, 9823, 2060),
	(2393, 8935, 2061),
	(2394, 6075, 2062),
	(2395, 8956, 2063),
	(2396, 8799, 2064),
	(2397, 8095, 2065),
	(2398, 7027, 2066),
	(2399, 7030, 2066),
	(2400, 7370, 2067),
	(2401, 7042, 2068),
	(2402, 8990, 2069),
	(2403, 3994, 2070),
	(2404, 9345, 2071),
	(2405, 7771, 2072),
	(2406, 7561, 2073),
	(2407, 6112, 2074),
	(2408, 7727, 2075),
	(2409, 3042, 2076),
	(2410, 8229, 2077),
	(2411, 3821, 2078),
	(2412, 8698, 2079),
	(2413, 2214, 2080),
	(2414, 9937, 2081),
	(2415, 9090, 2082),
	(2416, 3898, 2083),
	(2417, 4913, 2084),
	(2418, 4631, 2085),
	(2419, 8511, 2086),
	(2420, 8591, 2086),
	(2421, 8598, 2086),
	(2422, 8500, 2086),
	(2423, 8593, 2087),
	(2424, 8596, 2088),
	(2425, 8594, 2089),
	(2426, 8556, 2090),
	(2427, 8183, 2091),
	(2428, 9515, 2092),
	(2429, 4338, 2093),
	(2430, 7838, 2094),
	(2431, 3244, 2095),
	(2432, 3240, 2095),
	(2433, 3242, 2096),
	(2434, 3777, 2097),
	(2435, 4475, 2098),
	(2436, 3065, 2099),
	(2437, 3082, 2099),
	(2438, 3060, 2099),
	(2439, 9311, 2100),
	(2440, 8825, 2101),
	(2441, 2648, 2102),
	(2442, 7463, 2103),
	(2443, 7923, 2104),
	(2444, 7477, 2105),
	(2445, 8092, 2106),
	(2446, 7536, 2107),
	(2447, 4523, 2108),
	(2448, 2668, 2109),
	(2449, 2071, 2110),
	(2450, 4766, 2111),
	(2451, 2476, 2112),
	(2452, 9085, 2113),
	(2453, 2119, 2114),
	(2454, 9754, 2115),
	(2455, 7693, 2116),
	(2456, 7691, 2116),
	(2457, 7600, 2116),
	(2458, 7621, 2116),
	(2459, 7622, 2116),
	(2460, 7623, 2116),
	(2461, 7624, 2116),
	(2462, 7625, 2116),
	(2463, 7626, 2116),
	(2464, 7627, 2116),
	(2465, 7628, 2116),
	(2466, 7629, 2116),
	(2467, 7630, 2116),
	(2468, 7631, 2116),
	(2469, 7632, 2116),
	(2470, 7633, 2116),
	(2471, 7634, 2116),
	(2472, 7635, 2116),
	(2473, 7636, 2116),
	(2474, 7951, 2117),
	(2475, 7766, 2118),
	(2476, 8245, 2119),
	(2477, 7762, 2120),
	(2478, 7720, 2121),
	(2479, 7831, 2122),
	(2480, 3381, 2123),
	(2481, 2614, 2124),
	(2482, 4267, 2125),
	(2483, 4941, 2126),
	(2484, 8426, 2127),
	(2485, 9099, 2128),
	(2486, 2074, 2129),
	(2487, 3853, 2130),
	(2488, 3821, 2131),
	(2489, 7664, 2132),
	(2490, 9722, 2133),
	(2491, 9734, 2134),
	(2492, 9484, 2135),
	(2493, 2431, 2136),
	(2494, 3756, 2137),
	(2495, 2637, 2138),
	(2496, 7766, 2139),
	(2497, 7582, 2140),
	(2498, 2209, 2141),
	(2499, 3250, 2142),
	(2500, 8105, 2143),
	(2501, 8921, 2144),
	(2502, 4542, 2145),
	(2503, 3023, 2146),
	(2504, 6113, 2147),
	(2505, 9443, 2148),
	(2506, 9826, 2149),
	(2507, 8984, 2150),
	(2508, 8866, 2151),
	(2509, 7980, 2152),
	(2510, 3134, 2153),
	(2511, 2721, 2154),
	(2512, 2097, 2155),
	(2513, 2087, 2156),
	(2514, 2081, 2156),
	(2515, 2519, 2157),
	(2516, 2080, 2158),
	(2517, 2028, 2159),
	(2518, 2095, 2160),
	(2519, 2084, 2161),
	(2520, 2099, 2162),
	(2521, 2098, 2162),
	(2522, 2009, 2163),
	(2523, 2085, 2164),
	(2524, 7084, 2165),
	(2525, 9922, 2166),
	(2526, 9481, 2167),
	(2527, 4375, 2168),
	(2528, 6414, 2169),
	(2529, 7838, 2170),
	(2530, 6914, 2171),
	(2531, 7756, 2172),
	(2532, 4125, 2173),
	(2533, 2017, 2174),
	(2534, 4327, 2175),
	(2535, 7666, 2176),
	(2536, 8728, 2177),
	(2537, 8932, 2178),
	(2538, 7458, 2179),
	(2539, 4090, 2180),
	(2540, 8153, 2181),
	(2541, 8155, 2181),
	(2542, 8154, 2181),
	(2543, 8929, 2182),
	(2544, 8773, 2183),
	(2545, 2013, 2184),
	(2546, 7142, 2185),
	(2547, 4761, 2186),
	(2548, 8956, 2187),
	(2549, 9796, 2188),
	(2550, 3388, 2189),
	(2551, 9612, 2190),
	(2552, 8858, 2191),
	(2553, 8858, 2192),
	(2554, 8858, 2193),
	(2555, 8986, 2194),
	(2556, 8429, 2195),
	(2557, 9636, 2196),
	(2558, 7977, 2197),
	(2559, 8767, 2198),
	(2560, 9324, 2199),
	(2561, 3925, 2200),
	(2562, 8291, 2201),
	(2563, 9235, 2202),
	(2564, 2682, 2203),
	(2565, 4150, 2204),
	(2566, 9776, 2205),
	(2567, 2166, 2206),
	(2568, 8986, 2207),
	(2569, 2658, 2208),
	(2570, 9373, 2209),
	(2571, 9739, 2210),
	(2572, 4565, 2211),
	(2573, 8946, 2212),
	(2574, 3995, 2213),
	(2575, 5919, 2214),
	(2576, 7038, 2215),
	(2577, 8707, 2216),
	(2578, 8895, 2217),
	(2579, 6785, 2218),
	(2580, 8455, 2219),
	(2581, 5125, 2220),
	(2582, 5665, 2221),
	(2583, 3874, 2222),
	(2584, 2490, 2223),
	(2585, 8619, 2224),
	(2586, 8896, 2225),
	(2587, 6769, 2226),
	(2588, 2378, 2227),
	(2589, 8066, 2228),
	(2590, 2039, 2229),
	(2591, 3630, 2230),
	(2592, 9313, 2231),
	(2593, 9136, 2232),
	(2594, 9961, 2233),
	(2595, 9777, 2234),
	(2596, 9344, 2235),
	(2597, 9142, 2236),
	(2598, 9641, 2237),
	(2599, 9146, 2238),
	(2600, 9327, 2239),
	(2601, 9316, 2240),
	(2602, 9135, 2241),
	(2603, 9133, 2242),
	(2604, 9322, 2243),
	(2605, 9766, 2244),
	(2606, 9165, 2245),
	(2607, 2459, 2246),
	(2608, 2465, 2247),
	(2609, 2300, 2248),
	(2610, 2613, 2249),
	(2611, 7817, 2250),
	(2612, 9784, 2251),
	(2613, 3776, 2252),
	(2614, 3724, 2253),
	(2615, 9224, 2254),
	(2616, 3825, 2255),
	(2617, 3826, 2256),
	(2618, 4465, 2257),
	(2619, 5085, 2258),
	(2620, 5084, 2259),
	(2621, 7464, 2260),
	(2622, 8973, 2261),
	(2623, 4536, 2262),
	(2624, 4756, 2263),
	(2625, 8300, 2264),
	(2626, 3833, 2265),
	(2627, 3908, 2266),
	(2628, 9951, 2267),
	(2629, 9091, 2268),
	(2630, 3245, 2269),
	(2631, 2886, 2270),
	(2632, 8978, 2271),
	(2633, 3893, 2272),
	(2634, 7833, 2273),
	(2635, 7193, 2274),
	(2636, 6446, 2275),
	(2637, 2094, 2276),
	(2638, 3559, 2277),
	(2639, 9653, 2278),
	(2640, 9375, 2279),
	(2641, 9623, 2280),
	(2642, 9475, 2281),
	(2643, 8977, 2282),
	(2644, 9074, 2283),
	(2645, 4525, 2284),
	(2646, 2651, 2285),
	(2647, 8253, 2286),
	(2648, 3976, 2287),
	(2649, 8373, 2288),
	(2650, 3974, 2289),
	(2651, 8348, 2290),
	(2652, 8883, 2291),
	(2653, 3177, 2292),
	(2654, 7552, 2293),
	(2655, 7527, 2294),
	(2656, 7513, 2295),
	(2657, 7556, 2296),
	(2658, 7584, 2297),
	(2659, 4563, 2298),
	(2660, 9451, 2299),
	(2661, 8434, 2300),
	(2662, 2654, 2301),
	(2663, 7743, 2302),
	(2664, 9954, 2303),
	(2665, 6758, 2304),
	(2666, 7914, 2305),
	(2667, 4971, 2306),
	(2668, 3033, 2307),
	(2669, 3733, 2308),
	(2670, 3742, 2309),
	(2671, 9766, 2310),
	(2672, 6786, 2311),
	(2673, 3162, 2312),
	(2674, 8654, 2313),
	(2675, 3792, 2314),
	(2676, 3793, 2315),
	(2677, 3636, 2316),
	(2678, 3576, 2317),
	(2679, 3720, 2318),
	(2680, 3773, 2319),
	(2681, 3720, 2320),
	(2682, 3791, 2321),
	(2683, 3572, 2322),
	(2684, 3773, 2323),
	(2685, 3656, 2324),
	(2686, 3652, 2325),
	(2687, 3586, 2326),
	(2688, 3714, 2327),
	(2689, 3573, 2328),
	(2690, 3653, 2329),
	(2691, 3712, 2330),
	(2692, 3770, 2331),
	(2693, 3599, 2332),
	(2694, 3712, 2333),
	(2695, 3656, 2334),
	(2696, 9632, 2335),
	(2697, 8256, 2336),
	(2698, 3102, 2337),
	(2699, 3109, 2337),
	(2700, 3121, 2337),
	(2701, 3104, 2337),
	(2702, 3141, 2337),
	(2703, 3100, 2337),
	(2704, 9742, 2338),
	(2705, 8995, 2339),
	(2706, 3425, 2340),
	(2707, 7841, 2341),
	(2708, 3074, 2342),
	(2709, 8824, 2343),
	(2710, 6762, 2344),
	(2711, 7479, 2345),
	(2712, 4176, 2346),
	(2713, 4272, 2347),
	(2714, 3942, 2348),
	(2715, 7018, 2349),
	(2716, 7019, 2349),
	(2717, 7003, 2349),
	(2718, 7000, 2349),
	(2719, 7014, 2350),
	(2720, 9813, 2351),
	(2721, 8944, 2352),
	(2722, 2523, 2353),
	(2723, 5720, 2354),
	(2724, 5731, 2355),
	(2725, 8051, 2356),
	(2726, 8125, 2357),
	(2727, 8144, 2358),
	(2728, 8391, 2359),
	(2729, 7781, 2360),
	(2730, 2433, 2361),
	(2731, 3952, 2362),
	(2732, 3950, 2362),
	(2733, 7145, 2363),
	(2734, 4171, 2364),
	(2735, 9434, 2365),
	(2736, 9435, 2365),
	(2737, 8126, 2366),
	(2738, 7047, 2367),
	(2739, 8141, 2368),
	(2740, 8143, 2368),
	(2741, 3386, 2369),
	(2742, 9609, 2370),
	(2743, 9608, 2370),
	(2744, 9600, 2370),
	(2745, 7370, 2371),
	(2746, 8308, 2372),
	(2747, 3659, 2373),
	(2748, 3944, 2374),
	(2749, 3945, 2374),
	(2750, 3988, 2374),
	(2751, 3980, 2374),
	(2752, 7785, 2375),
	(2753, 8732, 2376),
	(2754, 9789, 2377),
	(2755, 7562, 2378),
	(2756, 7960, 2379),
	(2757, 3809, 2380),
	(2758, 3974, 2381),
	(2759, 8862, 2382),
	(2760, 8788, 2383),
	(2761, 4533, 2384),
	(2762, 8111, 2385),
	(2763, 3729, 2386),
	(2764, 8660, 2387),
	(2765, 8439, 2388),
	(2766, 7818, 2389),
	(2767, 7800, 2389),
	(2768, 7814, 2390),
	(2769, 7823, 2391),
	(2770, 3881, 2392),
	(2771, 9633, 2393),
	(2772, 7474, 2394),
	(2773, 7081, 2395),
	(2774, 7171, 2396),
	(2775, 8611, 2397),
	(2776, 8609, 2397),
	(2777, 8600, 2397),
	(2778, 8652, 2398),
	(2779, 3332, 2399),
	(2780, 9671, 2400),
	(2781, 9315, 2401),
	(2782, 8897, 2402),
	(2783, 9112, 2403),
	(2784, 6320, 2404),
	(2785, 6223, 2405),
	(2786, 6230, 2406),
	(2787, 8193, 2407),
	(2788, 2083, 2408),
	(2789, 8655, 2409),
	(2790, 7728, 2410),
	(2791, 8478, 2411),
	(2792, 8483, 2412),
	(2793, 8481, 2413),
	(2794, 8484, 2414),
	(2795, 7454, 2415),
	(2796, 7283, 2416),
	(2797, 7922, 2417),
	(2798, 7584, 2418),
	(2799, 7452, 2419),
	(2800, 8684, 2420),
	(2801, 8858, 2421),
	(2802, 8726, 2422),
	(2803, 7284, 2423),
	(2804, 8666, 2424),
	(2805, 8708, 2425),
	(2806, 7455, 2426),
	(2807, 7925, 2427),
	(2808, 7921, 2428),
	(2809, 7443, 2429),
	(2810, 8673, 2430),
	(2811, 8733, 2431),
	(2812, 7435, 2432),
	(2813, 8737, 2433),
	(2814, 8705, 2434),
	(2815, 7276, 2435),
	(2816, 7563, 2436),
	(2817, 8683, 2437),
	(2818, 7515, 2438),
	(2819, 8699, 2439),
	(2820, 8698, 2440),
	(2821, 7924, 2441),
	(2822, 8734, 2442),
	(2823, 4954, 2443),
	(2824, 8123, 2444),
	(2825, 9494, 2445),
	(2826, 9408, 2445),
	(2827, 9407, 2445),
	(2828, 9400, 2445),
	(2829, 9463, 2446),
	(2830, 9483, 2447),
	(2831, 9325, 2448),
	(2832, 9743, 2449),
	(2833, 8072, 2450),
	(2834, 9774, 2451),
	(2835, 9774, 2452),
	(2836, 8881, 2453),
	(2837, 9773, 2454),
	(2838, 3131, 2455),
	(2839, 2038, 2456),
	(2840, 3716, 2457),
	(2841, 7960, 2458),
	(2842, 9681, 2459),
	(2843, 8096, 2460),
	(2844, 6346, 2461),
	(2845, 2242, 2462),
	(2846, 2241, 2462),
	(2847, 8330, 2463),
	(2848, 8357, 2464),
	(2849, 8351, 2465),
	(2850, 7960, 2466),
	(2851, 2889, 2467),
	(2852, 8856, 2468),
	(2853, 2543, 2469),
	(2854, 8151, 2470),
	(2855, 2432, 2471),
	(2856, 8139, 2472),
	(2857, 8138, 2472),
	(2858, 7253, 2473),
	(2859, 5712, 2474),
	(2860, 6080, 2475),
	(2861, 7951, 2476),
	(2862, 7544, 2477),
	(2863, 4467, 2478),
	(2864, 4547, 2479),
	(2865, 4496, 2480),
	(2866, 2111, 2481),
	(2867, 7383, 2482),
	(2868, 7753, 2483),
	(2869, 3334, 2484),
	(2870, 5081, 2485),
	(2871, 3786, 2486),
	(2872, 7071, 2487),
	(2873, 3596, 2488),
	(2874, 7192, 2489),
	(2875, 7213, 2490),
	(2876, 6336, 2491),
	(2877, 9934, 2492),
	(2878, 4234, 2493),
	(2879, 9474, 2494),
	(2880, 9983, 2495),
	(2881, 2856, 2496),
	(2882, 9942, 2497),
	(2883, 7811, 2498),
	(2884, 8341, 2499),
	(2885, 3863, 2500),
	(2886, 7334, 2501),
	(2887, 7121, 2502),
	(2888, 6086, 2503),
	(2889, 3163, 2504),
	(2890, 3754, 2505),
	(2891, 4767, 2506),
	(2892, 4745, 2507),
	(2893, 4721, 2508),
	(2894, 4735, 2509),
	(2895, 4824, 2510),
	(2896, 4746, 2511),
	(2897, 4734, 2512),
	(2898, 2697, 2513),
	(2899, 6131, 2514),
	(2900, 8622, 2515),
	(2901, 9317, 2516),
	(2902, 8423, 2517),
	(2903, 7843, 2518),
	(2904, 2066, 2519),
	(2905, 7184, 2520),
	(2906, 7063, 2521),
	(2907, 9353, 2522),
	(2908, 2067, 2523),
	(2909, 5540, 2524),
	(2910, 3051, 2525),
	(2911, 9913, 2526),
	(2912, 5053, 2527),
	(2913, 3821, 2528),
	(2914, 7349, 2529),
	(2915, 4945, 2530),
	(2916, 2656, 2531),
	(2917, 9938, 2532),
	(2918, 6763, 2533),
	(2919, 7813, 2534),
	(2920, 2440, 2535),
	(2921, 7725, 2536),
	(2922, 2692, 2537),
	(2923, 3170, 2538),
	(2924, 3135, 2539),
	(2925, 8879, 2540),
	(2926, 7751, 2541),
	(2927, 7056, 2542),
	(2928, 6757, 2543),
	(2929, 6791, 2543),
	(2930, 6710, 2543),
	(2931, 6771, 2543),
	(2932, 6753, 2543),
	(2933, 6700, 2543),
	(2934, 6720, 2543),
	(2935, 6721, 2543),
	(2936, 6722, 2543),
	(2937, 6723, 2543),
	(2938, 6724, 2543),
	(2939, 6725, 2543),
	(2940, 6726, 2543),
	(2941, 6727, 2543),
	(2942, 6728, 2543),
	(2943, 6729, 2543),
	(2944, 8732, 2544),
	(2945, 5520, 2545),
	(2946, 3918, 2546),
	(2947, 3918, 2547),
	(2948, 6635, 2548),
	(2949, 4534, 2549),
	(2950, 7737, 2550),
	(2951, 8019, 2551),
	(2952, 8000, 2551),
	(2953, 6821, 2552),
	(2954, 7100, 2553),
	(2955, 9622, 2554),
	(2956, 5476, 2555),
	(2957, 7661, 2556),
	(2958, 7763, 2557),
	(2959, 9685, 2558),
	(2960, 3866, 2559),
	(2961, 2640, 2560),
	(2962, 3752, 2561),
	(2963, 3751, 2562),
	(2964, 7477, 2563),
	(2965, 8849, 2564),
	(2966, 8272, 2565),
	(2967, 7472, 2566),
	(2968, 8281, 2567),
	(2969, 7918, 2568),
	(2970, 7913, 2569),
	(2971, 3259, 2570),
	(2972, 2655, 2571),
	(2973, 7915, 2572),
	(2974, 2000, 2573),
	(2975, 6600, 2574),
	(2976, 8444, 2575),
	(2977, 7465, 2576),
	(2978, 9981, 2577),
	(2979, 9955, 2577),
	(2980, 9970, 2577),
	(2981, 8393, 2578),
	(2982, 8975, 2579),
	(2983, 8475, 2580),
	(2984, 3418, 2581),
	(2985, 3844, 2582),
	(2986, 8272, 2583),
	(2987, 7681, 2584),
	(2988, 6031, 2585),
	(2989, 8225, 2586),
	(2990, 8947, 2587),
	(2991, 7936, 2588),
	(2992, 8893, 2589),
	(2993, 7940, 2590),
	(2994, 2255, 2591),
	(2995, 8872, 2592),
	(2996, 2254, 2593),
	(2997, 9799, 2594),
	(2998, 8953, 2595),
	(2999, 4121, 2596),
	(3000, 8762, 2597),
	(3001, 8717, 2598),
	(3002, 8861, 2599),
	(3003, 9125, 2600),
	(3004, 6512, 2601),
	(3005, 3900, 2602),
	(3006, 4162, 2603),
	(3007, 4163, 2603),
	(3008, 9523, 2604),
	(3009, 2321, 2605),
	(3010, 2317, 2606),
	(3011, 2315, 2607),
	(3012, 2015, 2608),
	(3013, 2318, 2609),
	(3014, 2310, 2610),
	(3015, 2319, 2611),
	(3016, 7900, 2612),
	(3017, 8264, 2613),
	(3018, 3377, 2614),
	(3019, 8969, 2615),
	(3020, 3800, 2616),
	(3021, 9326, 2617),
	(3022, 7664, 2618),
	(3023, 3125, 2619),
	(3024, 9312, 2620),
	(3025, 8986, 2621),
	(3026, 7811, 2622),
	(3027, 7477, 2623),
	(3028, 3348, 2624),
	(3029, 3761, 2625),
	(3030, 3761, 2626),
	(3031, 3044, 2627),
	(3032, 3711, 2628),
	(3033, 2628, 2629),
	(3034, 8452, 2630),
	(3035, 9935, 2631),
	(3036, 2134, 2632),
	(3037, 2133, 2633),
	(3038, 3762, 2634),
	(3039, 7833, 2635),
	(3040, 7763, 2636),
	(3041, 8736, 2637),
	(3042, 2624, 2638),
	(3043, 8625, 2639),
	(3044, 5008, 2640),
	(3045, 5000, 2640),
	(3046, 3757, 2641),
	(3047, 8692, 2642),
	(3048, 9707, 2643),
	(3049, 9719, 2643),
	(3050, 9700, 2643),
	(3051, 2896, 2644),
	(3052, 3411, 2645),
	(3053, 2822, 2646),
	(3054, 7976, 2647),
	(3055, 7285, 2648),
	(3056, 3341, 2649),
	(3057, 3034, 2650),
	(3058, 2699, 2651),
	(3059, 3154, 2652),
	(3060, 3726, 2653),
	(3061, 3731, 2654),
	(3062, 3734, 2655),
	(3063, 7932, 2656),
	(3064, 7539, 2657),
	(3065, 7735, 2658),
	(3066, 3064, 2659),
	(3067, 8660, 2660),
	(3068, 8088, 2661),
	(3069, 6224, 2662),
	(3070, 2381, 2663),
	(3071, 8121, 2664),
	(3072, 8272, 2665),
	(3073, 2022, 2666),
	(3074, 2021, 2666),
	(3075, 8541, 2667),
	(3076, 4845, 2668),
	(3077, 2335, 2669),
	(3078, 3926, 2670),
	(3079, 3922, 2671),
	(3080, 3924, 2672),
	(3081, 3921, 2673),
	(3082, 8295, 2674),
	(3083, 3907, 2675),
	(3084, 7091, 2676),
	(3085, 7090, 2676),
	(3086, 9762, 2677),
	(3087, 9095, 2678),
	(3088, 2764, 2679),
	(3089, 2767, 2680),
	(3090, 2253, 2681),
	(3091, 2251, 2682),
	(3092, 2766, 2683),
	(3093, 2711, 2684),
	(3094, 2769, 2685),
	(3095, 9761, 2686),
	(3096, 8297, 2687),
	(3097, 8300, 2687),
	(3098, 8718, 2688),
	(3099, 9094, 2689),
	(3100, 3073, 2690),
	(3101, 7514, 2691),
	(3102, 3915, 2692),
	(3103, 3416, 2693),
	(3104, 3644, 2694),
	(3105, 2834, 2695),
	(3106, 5641, 2696),
	(3107, 2831, 2697),
	(3108, 9092, 2698),
	(3109, 2945, 2699),
	(3110, 3369, 2700),
	(3111, 3258, 2701),
	(3112, 3284, 2702),
	(3113, 3294, 2703),
	(3114, 3331, 2704),
	(3115, 3382, 2705),
	(3116, 3283, 2706),
	(3117, 2461, 2707),
	(3118, 9165, 2708),
	(3119, 4931, 2709),
	(3120, 7362, 2710),
	(3121, 8696, 2711),
	(3122, 6098, 2712),
	(3123, 7261, 2713),
	(3124, 2534, 2714),
	(3125, 2835, 2715),
	(3126, 2890, 2715),
	(3127, 2800, 2716),
	(3128, 6451, 2717),
	(3129, 2375, 2718),
	(3130, 6236, 2719),
	(3131, 4243, 2720),
	(3132, 7381, 2721),
	(3133, 7973, 2722),
	(3134, 9812, 2723),
	(3135, 5675, 2724),
	(3136, 8626, 2725),
	(3137, 2089, 2726),
	(3138, 3896, 2727),
	(3139, 7054, 2728),
	(3140, 7834, 2729),
	(3141, 8668, 2730),
	(3142, 3359, 2731),
	(3143, 9111, 2732),
	(3144, 4132, 2733),
	(3145, 4342, 2734),
	(3146, 2696, 2735),
	(3147, 2652, 2736),
	(3148, 3757, 2737),
	(3149, 3334, 2738),
	(3150, 8109, 2739),
	(3151, 2635, 2740),
	(3152, 7843, 2741),
	(3153, 7834, 2742),
	(3154, 8991, 2743),
	(3155, 9100, 2744),
	(3156, 4184, 2745),
	(3157, 7181, 2746),
	(3158, 3423, 2747),
	(3159, 4353, 2748),
	(3160, 8237, 2749),
	(3161, 8731, 2750),
	(3162, 8782, 2751),
	(3163, 4466, 2752),
	(3164, 2086, 2753),
	(3165, 4833, 2754),
	(3166, 6066, 2755),
	(3167, 6067, 2755),
	(3168, 3465, 2756),
	(3169, 4951, 2757),
	(3170, 4474, 2758),
	(3171, 4624, 2759),
	(3172, 5232, 2760),
	(3173, 5235, 2761),
	(3174, 4947, 2762),
	(3175, 4066, 2763),
	(3176, 3972, 2764),
	(3177, 4455, 2765),
	(3178, 5243, 2766),
	(3179, 4456, 2767),
	(3180, 3466, 2768),
	(3181, 4446, 2769),
	(3182, 4464, 2769),
	(3183, 5461, 2770),
	(3184, 5430, 2770),
	(3185, 5359, 2771),
	(3186, 5358, 2771),
	(3187, 5244, 2771),
	(3188, 5350, 2771),
	(3189, 5233, 2772),
	(3190, 4097, 2773),
	(3191, 5361, 2774),
	(3192, 5464, 2775),
	(3193, 5094, 2776),
	(3194, 4493, 2777),
	(3195, 3971, 2778),
	(3196, 6062, 2779),
	(3197, 6060, 2779),
	(3198, 4834, 2780),
	(3199, 3458, 2781),
	(3200, 4946, 2782),
	(3201, 5472, 2783),
	(3202, 5471, 2783),
	(3203, 3929, 2784),
	(3204, 4447, 2785),
	(3205, 4450, 2785),
	(3206, 3565, 2786),
	(3207, 4645, 2787),
	(3208, 4463, 2788),
	(3209, 3385, 2789),
	(3210, 5362, 2790),
	(3211, 3587, 2791),
	(3212, 5211, 2792),
	(3213, 4503, 2793),
	(3214, 5234, 2794),
	(3215, 5474, 2795),
	(3216, 5061, 2796),
	(3217, 4831, 2797),
	(3218, 5323, 2798),
	(3219, 5322, 2798),
	(3220, 4628, 2799),
	(3221, 6756, 2800),
	(3222, 3928, 2801),
	(3223, 3589, 2802),
	(3224, 4486, 2803),
	(3225, 4487, 2803),
	(3226, 5082, 2804),
	(3227, 6064, 2805),
	(3228, 3580, 2806),
	(3229, 3464, 2807),
	(3230, 5095, 2808),
	(3231, 5092, 2808),
	(3232, 4440, 2809),
	(3233, 4832, 2810),
	(3234, 4969, 2811),
	(3235, 4921, 2812),
	(3236, 2252, 2813),
	(3237, 3354, 2814),
	(3238, 8946, 2815),
	(3239, 7348, 2816),
	(3240, 2073, 2817),
	(3241, 3910, 2818),
	(3242, 2531, 2819),
	(3243, 2532, 2820),
	(3244, 2316, 2821),
	(3245, 9561, 2822),
	(3246, 3934, 2823),
	(3247, 4117, 2824),
	(3248, 2657, 2825),
	(3249, 7131, 2826),
	(3250, 7130, 2826),
	(3251, 7083, 2827),
	(3252, 9086, 2828),
	(3253, 5324, 2829),
	(3254, 3787, 2830),
	(3255, 9738, 2831),
	(3256, 6646, 2832),
	(3257, 6422, 2833),
	(3258, 9662, 2834),
	(3259, 2463, 2835),
	(3260, 8876, 2836),
	(3261, 7383, 2837),
	(3262, 9736, 2838),
	(3263, 3765, 2839),
	(3264, 3761, 2840),
	(3265, 3767, 2841),
	(3266, 3765, 2842),
	(3267, 3769, 2843),
	(3268, 8877, 2844),
	(3269, 3877, 2845),
	(3270, 4642, 2846),
	(3271, 2045, 2847),
	(3272, 7285, 2848),
	(3273, 5212, 2849),
	(3274, 5200, 2849),
	(3275, 9791, 2850),
	(3276, 2747, 2851),
	(3277, 8660, 2852),
	(3278, 5091, 2853),
	(3279, 5940, 2854),
	(3280, 7981, 2855),
	(3281, 8865, 2856),
	(3282, 8864, 2857),
	(3283, 7755, 2858),
	(3284, 7918, 2859),
	(3285, 8246, 2860),
	(3286, 3724, 2861),
	(3287, 4731, 2862),
	(3288, 2194, 2863),
	(3289, 4944, 2864),
	(3290, 8796, 2865),
	(3291, 5420, 2866),
	(3292, 7811, 2867),
	(3293, 4968, 2868),
	(3294, 8477, 2869),
	(3295, 4623, 2870),
	(3296, 4762, 2871),
	(3297, 7718, 2872),
	(3298, 7066, 2873),
	(3299, 8564, 2874),
	(3300, 2066, 2875),
	(3301, 3716, 2876),
	(3302, 4491, 2877),
	(3303, 4244, 2878),
	(3304, 2367, 2879),
	(3305, 4146, 2880),
	(3306, 7095, 2881),
	(3307, 4635, 2882),
	(3308, 9472, 2883),
	(3309, 5661, 2884),
	(3310, 2724, 2885),
	(3311, 4288, 2886),
	(3312, 3387, 2887),
	(3313, 7766, 2888),
	(3314, 9244, 2889),
	(3315, 6320, 2890),
	(3316, 5727, 2891),
	(3317, 5052, 2892),
	(3318, 6754, 2893),
	(3319, 4065, 2894),
	(3320, 2768, 2895),
	(3321, 6337, 2896),
	(3322, 4096, 2897),
	(3323, 8778, 2898),
	(3324, 7436, 2899),
	(3325, 8347, 2900),
	(3326, 6794, 2901),
	(3327, 2225, 2902),
	(3328, 9464, 2903),
	(3329, 2528, 2904),
	(3330, 3622, 2905),
	(3331, 4763, 2906),
	(3332, 9651, 2907),
	(3333, 8142, 2908),
	(3334, 2244, 2909),
	(3335, 8409, 2910),
	(3336, 2096, 2911),
	(3337, 4952, 2912),
	(3338, 6332, 2913),
	(3339, 8321, 2914),
	(3340, 2600, 2915),
	(3341, 2167, 2916),
	(3342, 2184, 2917),
	(3343, 2164, 2918),
	(3344, 2185, 2919),
	(3345, 2163, 2920),
	(3346, 2115, 2921),
	(3347, 3636, 2922),
	(3348, 9346, 2923),
	(3349, 9327, 2924),
	(3350, 3992, 2925),
	(3351, 4562, 2926),
	(3352, 3961, 2927),
	(3353, 7838, 2928),
	(3354, 7041, 2929),
	(3355, 2473, 2930),
	(3356, 2114, 2931),
	(3357, 8885, 2932),
	(3358, 4351, 2933),
	(3359, 8316, 2934),
	(3360, 4936, 2935),
	(3361, 9665, 2936),
	(3362, 3291, 2937),
	(3363, 2635, 2938),
	(3364, 4966, 2939),
	(3365, 4287, 2940),
	(3366, 9061, 2941),
	(3367, 3941, 2942),
	(3368, 4119, 2943),
	(3369, 2688, 2944),
	(3370, 8552, 2945),
	(3371, 7973, 2946),
	(3372, 7354, 2947),
	(3373, 8723, 2948),
	(3374, 3254, 2949),
	(3375, 9243, 2950),
	(3376, 3778, 2951),
	(3377, 3756, 2952),
	(3378, 7442, 2953),
	(3379, 7146, 2954),
	(3380, 8891, 2955),
	(3381, 7370, 2956),
	(3382, 2824, 2957),
	(3383, 8523, 2958),
	(3384, 7214, 2959),
	(3385, 6033, 2960),
	(3386, 8445, 2961),
	(3387, 8103, 2962),
	(3388, 8104, 2962),
	(3389, 8100, 2962),
	(3390, 7067, 2963),
	(3391, 3178, 2964),
	(3392, 8316, 2965),
	(3393, 2211, 2966),
	(3394, 9921, 2967),
	(3395, 7926, 2968),
	(3396, 7362, 2969),
	(3397, 9343, 2970),
	(3398, 9552, 2971),
	(3399, 4803, 2972),
	(3400, 4804, 2972),
	(3401, 4800, 2972),
	(3402, 9744, 2973),
	(3403, 8914, 2974),
	(3404, 9661, 2975),
	(3405, 9674, 2976),
	(3406, 9795, 2977),
	(3407, 6521, 2978),
	(3408, 4502, 2979),
	(3409, 8998, 2980),
	(3410, 9741, 2981),
	(3411, 8245, 2982),
	(3412, 9763, 2983),
	(3413, 9953, 2984),
	(3414, 9747, 2985),
	(3415, 9800, 2986),
	(3416, 8542, 2987),
	(3417, 9748, 2988),
	(3418, 3431, 2989),
	(3419, 7370, 2990),
	(3420, 3265, 2991),
	(3421, 2220, 2992),
	(3422, 5811, 2993),
	(3423, 7838, 2994),
	(3424, 7333, 2995),
	(3425, 4143, 2996),
	(3426, 9726, 2997),
	(3427, 9946, 2998),
	(3428, 2481, 2999),
	(3429, 7951, 3000),
	(3430, 7726, 3001),
	(3431, 9062, 3002),
	(3432, 9751, 3003),
	(3433, 2477, 3004),
	(3434, 2112, 3005),
	(3435, 2621, 3006),
	(3436, 3351, 3007),
	(3437, 2174, 3008),
	(3438, 7752, 3009),
	(3439, 8089, 3010),
	(3440, 8085, 3011),
	(3441, 2859, 3012),
	(3442, 2823, 3013),
	(3443, 2833, 3014),
	(3444, 2837, 3015),
	(3445, 8721, 3016),
	(3446, 9352, 3017),
	(3447, 8412, 3018),
	(3448, 8411, 3018),
	(3449, 8200, 3018),
	(3450, 8248, 3019),
	(3451, 8475, 3020),
	(3452, 8438, 3021),
	(3453, 5530, 3022),
	(3454, 5093, 3023),
	(3455, 8484, 3024),
	(3456, 8294, 3025),
	(3457, 7773, 3026),
	(3458, 7772, 3027),
	(3459, 3891, 3028),
	(3460, 8194, 3029),
	(3461, 3991, 3030),
	(3462, 9535, 3031),
	(3463, 8354, 3032),
	(3464, 8353, 3033),
	(3465, 8355, 3034),
	(3466, 2026, 3035),
	(3467, 2025, 3035),
	(3468, 7533, 3036),
	(3469, 3272, 3037),
	(3470, 3271, 3037),
	(3471, 3956, 3038),
	(3472, 8681, 3039),
	(3473, 9932, 3040),
	(3474, 3825, 3041),
	(3475, 3293, 3042),
	(3476, 9371, 3043),
	(3477, 7588, 3044),
	(3478, 3128, 3045),
	(3479, 3888, 3046),
	(3480, 7768, 3047),
	(3481, 8314, 3048),
	(3482, 8931, 3049),
	(3483, 9462, 3050),
	(3484, 9516, 3051),
	(3485, 8291, 3052),
	(3486, 8711, 3053),
	(3487, 3124, 3054),
	(3488, 7976, 3055),
	(3489, 3726, 3056),
	(3490, 5051, 3057),
	(3491, 3031, 3058),
	(3492, 4625, 3059),
	(3493, 8868, 3060),
	(3494, 4974, 3061),
	(3495, 8853, 3062),
	(3496, 6787, 3063),
	(3497, 8660, 3064),
	(3498, 8741, 3065),
	(3499, 8971, 3066),
	(3500, 8798, 3067),
	(3501, 8992, 3068),
	(3502, 8782, 3069),
	(3503, 8996, 3070),
	(3504, 8900, 3071),
	(3505, 8344, 3072),
	(3506, 8349, 3073),
	(3507, 8308, 3074),
	(3508, 8997, 3075),
	(3509, 8761, 3076),
	(3510, 8932, 3077),
	(3511, 8749, 3078),
	(3512, 8751, 3079),
	(3513, 8752, 3079),
	(3514, 8354, 3080),
	(3515, 8999, 3081),
	(3516, 8348, 3082),
	(3517, 8747, 3083),
	(3518, 8756, 3084),
	(3519, 8743, 3085),
	(3520, 8353, 3086),
	(3521, 8476, 3087),
	(3522, 8772, 3088),
	(3523, 8795, 3089),
	(3524, 8793, 3089),
	(3525, 8785, 3089),
	(3526, 8789, 3089),
	(3527, 8790, 3089),
	(3528, 8994, 3090),
	(3529, 8921, 3091),
	(3530, 8827, 3092),
	(3531, 8788, 3093),
	(3532, 8921, 3094),
	(3533, 8764, 3095),
	(3534, 8936, 3096),
	(3535, 8969, 3097),
	(3536, 7839, 3098),
	(3537, 8947, 3099),
	(3538, 8822, 3100),
	(3539, 8392, 3101),
	(3540, 8792, 3102),
	(3541, 3957, 3103),
	(3542, 8621, 3104),
	(3543, 8081, 3105),
	(3544, 8251, 3106),
	(3545, 3296, 3107),
	(3546, 7182, 3108),
	(3547, 8957, 3109),
	(3548, 2627, 3110),
	(3549, 3977, 3111),
	(3550, 7720, 3112),
	(3551, 8112, 3113),
	(3552, 8672, 3114),
	(3553, 3794, 3115),
	(3554, 7471, 3116),
	(3555, 8420, 3117),
	(3556, 7671, 3118),
	(3557, 7173, 3119),
	(3558, 5537, 3120),
	(3559, 4142, 3121),
	(3560, 2072, 3122),
	(3561, 2116, 3123),
	(3562, 6411, 3124),
	(3563, 4961, 3125),
	(3564, 9346, 3126),
	(3565, 9635, 3127),
	(3566, 7477, 3128),
	(3567, 7400, 3129),
	(3568, 7474, 3130),
	(3569, 9766, 3131),
	(3570, 9476, 3132),
	(3571, 6792, 3133),
	(3572, 3897, 3134),
	(3573, 4627, 3135),
	(3574, 3723, 3136);

-- Dumping structure for table laravel-zip-api.sessions
DROP TABLE IF EXISTS `sessions`;
CREATE TABLE IF NOT EXISTS `sessions` (
  `id` varchar(255) NOT NULL,
  `user_id` bigint(20) unsigned DEFAULT NULL,
  `ip_address` varchar(45) DEFAULT NULL,
  `user_agent` text DEFAULT NULL,
  `payload` longtext NOT NULL,
  `last_activity` int(11) NOT NULL,
  PRIMARY KEY (`id`),
  KEY `sessions_user_id_index` (`user_id`),
  KEY `sessions_last_activity_index` (`last_activity`)
) ENGINE=InnoDB DEFAULT CHARSET=utf8mb4 COLLATE=utf8mb4_unicode_ci;

-- Dumping data for table laravel-zip-api.sessions: ~0 rows (approximately)

-- Dumping structure for table laravel-zip-api.users
DROP TABLE IF EXISTS `users`;
CREATE TABLE IF NOT EXISTS `users` (
  `id` bigint(20) unsigned NOT NULL AUTO_INCREMENT,
  `name` varchar(255) NOT NULL,
  `email` varchar(255) NOT NULL,
  `email_verified_at` timestamp NULL DEFAULT NULL,
  `password` varchar(255) NOT NULL,
  `remember_token` varchar(100) DEFAULT NULL,
  `created_at` timestamp NULL DEFAULT NULL,
  `updated_at` timestamp NULL DEFAULT NULL,
  PRIMARY KEY (`id`),
  UNIQUE KEY `users_email_unique` (`email`)
) ENGINE=InnoDB AUTO_INCREMENT=2 DEFAULT CHARSET=utf8mb4 COLLATE=utf8mb4_unicode_ci;

-- Dumping data for table laravel-zip-api.users: ~1 rows (approximately)
INSERT INTO `users` (`id`, `name`, `email`, `email_verified_at`, `password`, `remember_token`, `created_at`, `updated_at`) VALUES
	(1, 'usr', 'a@b.c', '2025-10-06 05:29:26', '$2y$12$rlTjD9MJuHnSgcn8PPWEH.1iUSjfYdfKZhyBHqVW3VLCDZWH0XeyO', 'krdtwrlBie', '2025-10-06 05:29:26', '2025-10-06 05:29:26');

/*!40103 SET TIME_ZONE=IFNULL(@OLD_TIME_ZONE, 'system') */;
/*!40101 SET SQL_MODE=IFNULL(@OLD_SQL_MODE, '') */;
/*!40014 SET FOREIGN_KEY_CHECKS=IFNULL(@OLD_FOREIGN_KEY_CHECKS, 1) */;
/*!40101 SET CHARACTER_SET_CLIENT=@OLD_CHARACTER_SET_CLIENT */;
/*!40111 SET SQL_NOTES=IFNULL(@OLD_SQL_NOTES, 1) */;
